sku,date,units_sold
SKU-001-PANTRY,2024-01-01,193.3
SKU-001-PANTRY,2024-01-02,161.1
SKU-001-PANTRY,2024-01-03,138.3
SKU-001-PANTRY,2024-01-04,94.7
SKU-001-PANTRY,2024-01-05,125.2
SKU-001-PANTRY,2024-01-06,137.7
SKU-001-PANTRY,2024-01-07,156.9
SKU-001-PANTRY,2024-01-08,178.2
SKU-001-PANTRY,2024-01-09,171.8
SKU-001-PANTRY,2024-01-10,133.6
SKU-001-PANTRY,2024-01-11,118.2
SKU-001-PANTRY,2024-01-12,122.0
SKU-001-PANTRY,2024-01-13,152.3
SKU-001-PANTRY,2024-01-14,172.6
SKU-001-PANTRY,2024-01-15,161.3
SKU-001-PANTRY,2024-01-16,155.9
SKU-001-PANTRY,2024-01-17,157.9
SKU-001-PANTRY,2024-01-18,150.5
SKU-001-PANTRY,2024-01-19,130.1
SKU-001-PANTRY,2024-01-20,138.7
SKU-001-PANTRY,2024-01-21,181.9
SKU-001-PANTRY,2024-01-22,176.2
SKU-001-PANTRY,2024-01-23,181.1
SKU-001-PANTRY,2024-01-24,170.7
SKU-001-PANTRY,2024-01-25,142.3
SKU-001-PANTRY,2024-01-26,134.5
SKU-001-PANTRY,2024-01-27,158.9
SKU-001-PANTRY,2024-01-28,164.3
SKU-001-PANTRY,2024-01-29,181.2
SKU-001-PANTRY,2024-01-30,168.9
SKU-001-PANTRY,2024-01-31,153.1
SKU-001-PANTRY,2024-02-01,132.4
SKU-001-PANTRY,2024-02-02,135.0
SKU-001-PANTRY,2024-02-03,149.1
SKU-001-PANTRY,2024-02-04,176.7
SKU-001-PANTRY,2024-02-05,187.7
SKU-001-PANTRY,2024-02-06,183.1
SKU-001-PANTRY,2024-02-07,176.2
SKU-001-PANTRY,2024-02-08,123.5
SKU-001-PANTRY,2024-02-09,156.6
SKU-001-PANTRY,2024-02-10,154.7
SKU-001-PANTRY,2024-02-11,164.8
SKU-001-PANTRY,2024-02-12,188.9
SKU-001-PANTRY,2024-02-13,184.6
SKU-001-PANTRY,2024-02-14,176.2
SKU-001-PANTRY,2024-02-15,133.4
SKU-001-PANTRY,2024-02-16,147.8
SKU-001-PANTRY,2024-02-17,163.1
SKU-001-PANTRY,2024-02-18,163.6
SKU-001-PANTRY,2024-02-19,180.9
SKU-001-PANTRY,2024-02-20,195.0
SKU-001-PANTRY,2024-02-21,176.0
SKU-001-PANTRY,2024-02-22,163.4
SKU-001-PANTRY,2024-02-23,155.9
SKU-001-PANTRY,2024-02-24,170.8
SKU-001-PANTRY,2024-02-25,189.6
SKU-001-PANTRY,2024-02-26,214.0
SKU-001-PANTRY,2024-02-27,182.0
SKU-001-PANTRY,2024-02-28,170.3
SKU-001-PANTRY,2024-02-29,159.4
SKU-001-PANTRY,2024-03-01,135.0
SKU-001-PANTRY,2024-03-02,186.3
SKU-001-PANTRY,2024-03-03,183.1
SKU-001-PANTRY,2024-03-04,203.2
SKU-001-PANTRY,2024-03-05,222.6
SKU-001-PANTRY,2024-03-06,166.6
SKU-001-PANTRY,2024-03-07,153.0
SKU-001-PANTRY,2024-03-08,177.2
SKU-001-PANTRY,2024-03-09,162.1
SKU-001-PANTRY,2024-03-10,192.0
SKU-001-PANTRY,2024-03-11,214.8
SKU-001-PANTRY,2024-03-12,206.7
SKU-001-PANTRY,2024-03-13,188.2
SKU-001-PANTRY,2024-03-14,168.3
SKU-001-PANTRY,2024-03-15,179.2
SKU-001-PANTRY,2024-03-16,191.8
SKU-001-PANTRY,2024-03-17,208.9
SKU-001-PANTRY,2024-03-18,204.9
SKU-001-PANTRY,2024-03-19,197.2
SKU-001-PANTRY,2024-03-20,162.8
SKU-001-PANTRY,2024-03-21,176.7
SKU-001-PANTRY,2024-03-22,145.7
SKU-001-PANTRY,2024-03-23,194.7
SKU-001-PANTRY,2024-03-24,228.4
SKU-001-PANTRY,2024-03-25,204.9
SKU-001-PANTRY,2024-03-26,202.0
SKU-001-PANTRY,2024-03-27,184.4
SKU-001-PANTRY,2024-03-28,182.8
SKU-001-PANTRY,2024-03-29,161.6
SKU-001-PANTRY,2024-03-30,187.0
SKU-001-PANTRY,2024-03-31,204.3
SKU-001-PANTRY,2024-04-01,219.0
SKU-001-PANTRY,2024-04-02,230.1
SKU-001-PANTRY,2024-04-03,182.9
SKU-001-PANTRY,2024-04-04,178.0
SKU-001-PANTRY,2024-04-05,179.5
SKU-001-PANTRY,2024-04-06,203.1
SKU-001-PANTRY,2024-04-07,199.7
SKU-001-PANTRY,2024-04-08,239.6
SKU-001-PANTRY,2024-04-09,224.0
SKU-001-PANTRY,2024-04-10,209.1
SKU-001-PANTRY,2024-04-11,182.1
SKU-001-PANTRY,2024-04-12,160.6
SKU-001-PANTRY,2024-04-13,189.1
SKU-001-PANTRY,2024-04-14,228.6
SKU-001-PANTRY,2024-04-15,230.6
SKU-001-PANTRY,2024-04-16,222.1
SKU-001-PANTRY,2024-04-17,223.9
SKU-001-PANTRY,2024-04-18,211.5
SKU-001-PANTRY,2024-04-19,183.6
SKU-001-PANTRY,2024-04-20,223.8
SKU-001-PANTRY,2024-04-21,198.6
SKU-001-PANTRY,2024-04-22,209.2
SKU-001-PANTRY,2024-04-23,236.7
SKU-001-PANTRY,2024-04-24,202.9
SKU-001-PANTRY,2024-04-25,195.6
SKU-001-PANTRY,2024-04-26,193.8
SKU-001-PANTRY,2024-04-27,202.9
SKU-001-PANTRY,2024-04-28,234.1
SKU-001-PANTRY,2024-04-29,238.9
SKU-001-PANTRY,2024-04-30,211.2
SKU-001-PANTRY,2024-05-01,211.9
SKU-001-PANTRY,2024-05-02,194.0
SKU-001-PANTRY,2024-05-03,212.7
SKU-001-PANTRY,2024-05-04,193.5
SKU-001-PANTRY,2024-05-05,229.1
SKU-001-PANTRY,2024-05-06,235.0
SKU-001-PANTRY,2024-05-07,230.8
SKU-001-PANTRY,2024-05-08,232.0
SKU-001-PANTRY,2024-05-09,199.1
SKU-001-PANTRY,2024-05-10,187.8
SKU-001-PANTRY,2024-05-11,211.5
SKU-001-PANTRY,2024-05-12,240.7
SKU-001-PANTRY,2024-05-13,230.7
SKU-001-PANTRY,2024-05-14,231.7
SKU-001-PANTRY,2024-05-15,233.0
SKU-001-PANTRY,2024-05-16,207.2
SKU-001-PANTRY,2024-05-17,195.1
SKU-001-PANTRY,2024-05-18,206.2
SKU-001-PANTRY,2024-05-19,231.8
SKU-001-PANTRY,2024-05-20,226.1
SKU-001-PANTRY,2024-05-21,248.2
SKU-001-PANTRY,2024-05-22,220.5
SKU-001-PANTRY,2024-05-23,200.4
SKU-001-PANTRY,2024-05-24,181.9
SKU-001-PANTRY,2024-05-25,205.1
SKU-001-PANTRY,2024-05-26,241.5
SKU-001-PANTRY,2024-05-27,249.4
SKU-001-PANTRY,2024-05-28,232.5
SKU-001-PANTRY,2024-05-29,223.9
SKU-001-PANTRY,2024-05-30,211.4
SKU-001-PANTRY,2024-05-31,190.7
SKU-001-PANTRY,2024-06-01,208.5
SKU-001-PANTRY,2024-06-02,226.0
SKU-001-PANTRY,2024-06-03,233.5
SKU-001-PANTRY,2024-06-04,249.1
SKU-001-PANTRY,2024-06-05,225.0
SKU-001-PANTRY,2024-06-06,205.1
SKU-001-PANTRY,2024-06-07,185.6
SKU-001-PANTRY,2024-06-08,203.1
SKU-001-PANTRY,2024-06-09,236.3
SKU-001-PANTRY,2024-06-10,243.0
SKU-001-PANTRY,2024-06-11,241.5
SKU-001-PANTRY,2024-06-12,210.9
SKU-001-PANTRY,2024-06-13,209.3
SKU-001-PANTRY,2024-06-14,221.5
SKU-001-PANTRY,2024-06-15,234.5
SKU-001-PANTRY,2024-06-16,256.7
SKU-001-PANTRY,2024-06-17,248.9
SKU-001-PANTRY,2024-06-18,251.1
SKU-001-PANTRY,2024-06-19,214.7
SKU-001-PANTRY,2024-06-20,212.4
SKU-001-PANTRY,2024-06-21,195.2
SKU-001-PANTRY,2024-06-22,209.8
SKU-001-PANTRY,2024-06-23,229.3
SKU-001-PANTRY,2024-06-24,256.1
SKU-001-PANTRY,2024-06-25,242.9
SKU-001-PANTRY,2024-06-26,221.0
SKU-001-PANTRY,2024-06-27,187.0
SKU-001-PANTRY,2024-06-28,200.8
SKU-001-PANTRY,2024-06-29,197.6
SKU-001-PANTRY,2024-06-30,253.9
SKU-001-PANTRY,2024-07-01,245.2
SKU-001-PANTRY,2024-07-02,241.0
SKU-001-PANTRY,2024-07-03,216.4
SKU-001-PANTRY,2024-07-04,180.6
SKU-001-PANTRY,2024-07-05,181.4
SKU-001-PANTRY,2024-07-06,213.3
SKU-001-PANTRY,2024-07-07,252.8
SKU-001-PANTRY,2024-07-08,232.0
SKU-001-PANTRY,2024-07-09,228.7
SKU-001-PANTRY,2024-07-10,215.6
SKU-001-PANTRY,2024-07-11,177.8
SKU-001-PANTRY,2024-07-12,175.9
SKU-001-PANTRY,2024-07-13,207.0
SKU-001-PANTRY,2024-07-14,232.6
SKU-001-PANTRY,2024-07-15,238.9
SKU-001-PANTRY,2024-07-16,253.7
SKU-001-PANTRY,2024-07-17,212.3
SKU-001-PANTRY,2024-07-18,200.4
SKU-001-PANTRY,2024-07-19,213.4
SKU-001-PANTRY,2024-07-20,230.3
SKU-001-PANTRY,2024-07-21,211.9
SKU-001-PANTRY,2024-07-22,236.8
SKU-001-PANTRY,2024-07-23,247.0
SKU-001-PANTRY,2024-07-24,195.4
SKU-001-PANTRY,2024-07-25,182.6
SKU-001-PANTRY,2024-07-26,176.2
SKU-001-PANTRY,2024-07-27,191.0
SKU-001-PANTRY,2024-07-28,214.8
SKU-001-PANTRY,2024-07-29,240.9
SKU-001-PANTRY,2024-07-30,245.6
SKU-001-PANTRY,2024-07-31,227.5
SKU-001-PANTRY,2024-08-01,191.0
SKU-001-PANTRY,2024-08-02,165.3
SKU-001-PANTRY,2024-08-03,203.8
SKU-001-PANTRY,2024-08-04,221.4
SKU-001-PANTRY,2024-08-05,240.0
SKU-001-PANTRY,2024-08-06,225.8
SKU-001-PANTRY,2024-08-07,184.6
SKU-001-PANTRY,2024-08-08,192.8
SKU-001-PANTRY,2024-08-09,161.0
SKU-001-PANTRY,2024-08-10,193.0
SKU-001-PANTRY,2024-08-11,226.0
SKU-001-PANTRY,2024-08-12,236.8
SKU-001-PANTRY,2024-08-13,242.9
SKU-001-PANTRY,2024-08-14,174.5
SKU-001-PANTRY,2024-08-15,188.5
SKU-001-PANTRY,2024-08-16,190.7
SKU-001-PANTRY,2024-08-17,194.0
SKU-001-PANTRY,2024-08-18,226.5
SKU-001-PANTRY,2024-08-19,215.8
SKU-001-PANTRY,2024-08-20,228.4
SKU-001-PANTRY,2024-08-21,205.7
SKU-001-PANTRY,2024-08-22,169.1
SKU-001-PANTRY,2024-08-23,170.8
SKU-001-PANTRY,2024-08-24,192.0
SKU-001-PANTRY,2024-08-25,207.3
SKU-001-PANTRY,2024-08-26,237.9
SKU-001-PANTRY,2024-08-27,219.0
SKU-001-PANTRY,2024-08-28,211.4
SKU-001-PANTRY,2024-08-29,191.3
SKU-001-PANTRY,2024-08-30,175.8
SKU-001-PANTRY,2024-08-31,188.2
SKU-001-PANTRY,2024-09-01,200.0
SKU-001-PANTRY,2024-09-02,212.0
SKU-001-PANTRY,2024-09-03,203.5
SKU-001-PANTRY,2024-09-04,195.9
SKU-001-PANTRY,2024-09-05,162.7
SKU-001-PANTRY,2024-09-06,172.2
SKU-001-PANTRY,2024-09-07,189.0
SKU-001-PANTRY,2024-09-08,201.6
SKU-001-PANTRY,2024-09-09,215.5
SKU-001-PANTRY,2024-09-10,226.6
SKU-001-PANTRY,2024-09-11,207.2
SKU-001-PANTRY,2024-09-12,160.1
SKU-001-PANTRY,2024-09-13,165.1
SKU-001-PANTRY,2024-09-14,178.3
SKU-001-PANTRY,2024-09-15,200.4
SKU-001-PANTRY,2024-09-16,232.3
SKU-001-PANTRY,2024-09-17,213.6
SKU-001-PANTRY,2024-09-18,199.2
SKU-001-PANTRY,2024-09-19,187.0
SKU-001-PANTRY,2024-09-20,158.3
SKU-001-PANTRY,2024-09-21,176.7
SKU-001-PANTRY,2024-09-22,200.4
SKU-001-PANTRY,2024-09-23,222.4
SKU-001-PANTRY,2024-09-24,200.5
SKU-001-PANTRY,2024-09-25,188.0
SKU-001-PANTRY,2024-09-26,175.9
SKU-001-PANTRY,2024-09-27,173.8
SKU-001-PANTRY,2024-09-28,180.6
SKU-001-PANTRY,2024-09-29,186.7
SKU-001-PANTRY,2024-09-30,187.8
SKU-001-PANTRY,2024-10-01,211.4
SKU-001-PANTRY,2024-10-02,182.1
SKU-001-PANTRY,2024-10-03,147.0
SKU-001-PANTRY,2024-10-04,150.2
SKU-001-PANTRY,2024-10-05,166.3
SKU-001-PANTRY,2024-10-06,172.5
SKU-001-PANTRY,2024-10-07,205.9
SKU-001-PANTRY,2024-10-08,185.0
SKU-001-PANTRY,2024-10-09,169.7
SKU-001-PANTRY,2024-10-10,163.7
SKU-001-PANTRY,2024-10-11,151.7
SKU-001-PANTRY,2024-10-12,174.9
SKU-001-PANTRY,2024-10-13,194.4
SKU-001-PANTRY,2024-10-14,200.0
SKU-001-PANTRY,2024-10-15,191.8
SKU-001-PANTRY,2024-10-16,192.3
SKU-001-PANTRY,2024-10-17,149.7
SKU-001-PANTRY,2024-10-18,169.3
SKU-001-PANTRY,2024-10-19,154.3
SKU-001-PANTRY,2024-10-20,195.1
SKU-001-PANTRY,2024-10-21,198.7
SKU-001-PANTRY,2024-10-22,179.5
SKU-001-PANTRY,2024-10-23,135.3
SKU-001-PANTRY,2024-10-24,168.0
SKU-001-PANTRY,2024-10-25,133.1
SKU-001-PANTRY,2024-10-26,151.0
SKU-001-PANTRY,2024-10-27,185.2
SKU-001-PANTRY,2024-10-28,194.7
SKU-001-PANTRY,2024-10-29,189.0
SKU-001-PANTRY,2024-10-30,161.5
SKU-001-PANTRY,2024-10-31,128.4
SKU-001-PANTRY,2024-11-01,154.9
SKU-001-PANTRY,2024-11-02,149.3
SKU-001-PANTRY,2024-11-03,183.9
SKU-001-PANTRY,2024-11-04,198.6
SKU-001-PANTRY,2024-11-05,197.6
SKU-001-PANTRY,2024-11-06,159.8
SKU-001-PANTRY,2024-11-07,140.6
SKU-001-PANTRY,2024-11-08,139.6
SKU-001-PANTRY,2024-11-09,136.0
SKU-001-PANTRY,2024-11-10,170.3
SKU-001-PANTRY,2024-11-11,177.8
SKU-001-PANTRY,2024-11-12,167.8
SKU-001-PANTRY,2024-11-13,162.7
SKU-001-PANTRY,2024-11-14,138.8
SKU-001-PANTRY,2024-11-15,160.0
SKU-001-PANTRY,2024-11-16,174.5
SKU-001-PANTRY,2024-11-17,155.3
SKU-001-PANTRY,2024-11-18,189.9
SKU-001-PANTRY,2024-11-19,168.3
SKU-001-PANTRY,2024-11-20,166.0
SKU-001-PANTRY,2024-11-21,143.2
SKU-001-PANTRY,2024-11-22,150.8
SKU-001-PANTRY,2024-11-23,159.2
SKU-001-PANTRY,2024-11-24,186.0
SKU-001-PANTRY,2024-11-25,183.9
SKU-001-PANTRY,2024-11-26,149.3
SKU-001-PANTRY,2024-11-27,144.3
SKU-001-PANTRY,2024-11-28,130.3
SKU-001-PANTRY,2024-11-29,133.1
SKU-001-PANTRY,2024-11-30,142.8
SKU-001-PANTRY,2024-12-01,195.9
SKU-001-PANTRY,2024-12-02,185.0
SKU-001-PANTRY,2024-12-03,194.6
SKU-001-PANTRY,2024-12-04,154.2
SKU-001-PANTRY,2024-12-05,160.2
SKU-001-PANTRY,2024-12-06,124.4
SKU-001-PANTRY,2024-12-07,162.0
SKU-001-PANTRY,2024-12-08,160.3
SKU-001-PANTRY,2024-12-09,192.4
SKU-001-PANTRY,2024-12-10,198.2
SKU-001-PANTRY,2024-12-11,138.8
SKU-001-PANTRY,2024-12-12,130.2
SKU-001-PANTRY,2024-12-13,142.1
SKU-001-PANTRY,2024-12-14,153.0
SKU-001-PANTRY,2024-12-15,160.3
SKU-001-PANTRY,2024-12-16,201.5
SKU-001-PANTRY,2024-12-17,180.4
SKU-001-PANTRY,2024-12-18,174.7
SKU-001-PANTRY,2024-12-19,145.2
SKU-001-PANTRY,2024-12-20,126.2
SKU-001-PANTRY,2024-12-21,150.4
SKU-001-PANTRY,2024-12-22,194.3
SKU-001-PANTRY,2024-12-23,172.1
SKU-001-PANTRY,2024-12-24,175.3
SKU-001-PANTRY,2024-12-25,167.5
SKU-001-PANTRY,2024-12-26,154.8
SKU-001-PANTRY,2024-12-27,151.3
SKU-001-PANTRY,2024-12-28,139.9
SKU-001-PANTRY,2024-12-29,204.3
SKU-001-PANTRY,2024-12-30,188.3
SKU-001-PANTRY,2024-12-31,182.7
SKU-001-PANTRY,2025-01-01,162.0
SKU-001-PANTRY,2025-01-02,141.6
SKU-001-PANTRY,2025-01-03,131.6
SKU-001-PANTRY,2025-01-04,155.5
SKU-001-PANTRY,2025-01-05,197.1
SKU-001-PANTRY,2025-01-06,175.9
SKU-001-PANTRY,2025-01-07,155.4
SKU-001-PANTRY,2025-01-08,170.6
SKU-001-PANTRY,2025-01-09,150.7
SKU-001-PANTRY,2025-01-10,154.2
SKU-001-PANTRY,2025-01-11,182.5
SKU-001-PANTRY,2025-01-12,174.9
SKU-001-PANTRY,2025-01-13,196.9
SKU-001-PANTRY,2025-01-14,193.2
SKU-001-PANTRY,2025-01-15,181.6
SKU-001-PANTRY,2025-01-16,161.6
SKU-001-PANTRY,2025-01-17,138.1
SKU-001-PANTRY,2025-01-18,148.0
SKU-001-PANTRY,2025-01-19,183.2
SKU-001-PANTRY,2025-01-20,178.3
SKU-001-PANTRY,2025-01-21,203.4
SKU-001-PANTRY,2025-01-22,165.1
SKU-001-PANTRY,2025-01-23,148.1
SKU-001-PANTRY,2025-01-24,140.6
SKU-001-PANTRY,2025-01-25,186.0
SKU-001-PANTRY,2025-01-26,193.1
SKU-001-PANTRY,2025-01-27,196.0
SKU-001-PANTRY,2025-01-28,200.8
SKU-001-PANTRY,2025-01-29,172.2
SKU-001-PANTRY,2025-01-30,162.9
SKU-001-PANTRY,2025-01-31,170.6
SKU-001-PANTRY,2025-02-01,168.1
SKU-001-PANTRY,2025-02-02,199.4
SKU-001-PANTRY,2025-02-03,210.3
SKU-001-PANTRY,2025-02-04,210.7
SKU-001-PANTRY,2025-02-05,184.0
SKU-001-PANTRY,2025-02-06,160.0
SKU-001-PANTRY,2025-02-07,150.9
SKU-001-PANTRY,2025-02-08,178.7
SKU-001-PANTRY,2025-02-09,184.6
SKU-001-PANTRY,2025-02-10,216.3
SKU-001-PANTRY,2025-02-11,201.8
SKU-001-PANTRY,2025-02-12,187.5
SKU-001-PANTRY,2025-02-13,157.4
SKU-001-PANTRY,2025-02-14,153.0
SKU-001-PANTRY,2025-02-15,168.3
SKU-001-PANTRY,2025-02-16,214.6
SKU-001-PANTRY,2025-02-17,210.0
SKU-001-PANTRY,2025-02-18,202.5
SKU-001-PANTRY,2025-02-19,163.6
SKU-001-PANTRY,2025-02-20,167.2
SKU-001-PANTRY,2025-02-21,125.4
SKU-001-PANTRY,2025-02-22,199.9
SKU-001-PANTRY,2025-02-23,202.7
SKU-001-PANTRY,2025-02-24,217.3
SKU-001-PANTRY,2025-02-25,192.5
SKU-001-PANTRY,2025-02-26,176.4
SKU-001-PANTRY,2025-02-27,179.5
SKU-001-PANTRY,2025-02-28,168.9
SKU-001-PANTRY,2025-03-01,193.1
SKU-001-PANTRY,2025-03-02,225.3
SKU-001-PANTRY,2025-03-03,229.4
SKU-001-PANTRY,2025-03-04,191.3
SKU-001-PANTRY,2025-03-05,182.2
SKU-001-PANTRY,2025-03-06,163.2
SKU-001-PANTRY,2025-03-07,165.0
SKU-001-PANTRY,2025-03-08,167.6
SKU-001-PANTRY,2025-03-09,190.0
SKU-001-PANTRY,2025-03-10,217.1
SKU-001-PANTRY,2025-03-11,211.5
SKU-001-PANTRY,2025-03-12,204.8
SKU-001-PANTRY,2025-03-13,177.5
SKU-001-PANTRY,2025-03-14,197.5
SKU-001-PANTRY,2025-03-15,175.2
SKU-001-PANTRY,2025-03-16,202.5
SKU-001-PANTRY,2025-03-17,233.6
SKU-001-PANTRY,2025-03-18,219.9
SKU-001-PANTRY,2025-03-19,191.2
SKU-001-PANTRY,2025-03-20,195.1
SKU-001-PANTRY,2025-03-21,198.0
SKU-001-PANTRY,2025-03-22,217.3
SKU-001-PANTRY,2025-03-23,218.9
SKU-001-PANTRY,2025-03-24,235.0
SKU-001-PANTRY,2025-03-25,230.4
SKU-001-PANTRY,2025-03-26,208.3
SKU-001-PANTRY,2025-03-27,202.6
SKU-001-PANTRY,2025-03-28,183.5
SKU-001-PANTRY,2025-03-29,210.5
SKU-001-PANTRY,2025-03-30,201.5
SKU-001-PANTRY,2025-03-31,248.5
SKU-001-PANTRY,2025-04-01,251.7
SKU-001-PANTRY,2025-04-02,211.6
SKU-001-PANTRY,2025-04-03,207.1
SKU-001-PANTRY,2025-04-04,173.8
SKU-001-PANTRY,2025-04-05,206.3
SKU-001-PANTRY,2025-04-06,213.8
SKU-001-PANTRY,2025-04-07,247.5
SKU-001-PANTRY,2025-04-08,242.5
SKU-001-PANTRY,2025-04-09,199.6
SKU-001-PANTRY,2025-04-10,188.6
SKU-001-PANTRY,2025-04-11,190.8
SKU-001-PANTRY,2025-04-12,243.4
SKU-001-PANTRY,2025-04-13,235.5
SKU-001-PANTRY,2025-04-14,249.1
SKU-001-PANTRY,2025-04-15,244.6
SKU-001-PANTRY,2025-04-16,223.6
SKU-001-PANTRY,2025-04-17,199.8
SKU-001-PANTRY,2025-04-18,185.7
SKU-001-PANTRY,2025-04-19,210.0
SKU-001-PANTRY,2025-04-20,259.7
SKU-001-PANTRY,2025-04-21,254.5
SKU-001-PANTRY,2025-04-22,239.4
SKU-001-PANTRY,2025-04-23,207.4
SKU-001-PANTRY,2025-04-24,205.6
SKU-001-PANTRY,2025-04-25,205.6
SKU-001-PANTRY,2025-04-26,213.8
SKU-001-PANTRY,2025-04-27,254.3
SKU-001-PANTRY,2025-04-28,247.7
SKU-001-PANTRY,2025-04-29,245.2
SKU-001-PANTRY,2025-04-30,237.0
SKU-001-PANTRY,2025-05-01,212.2
SKU-001-PANTRY,2025-05-02,221.9
SKU-001-PANTRY,2025-05-03,222.0
SKU-001-PANTRY,2025-05-04,241.4
SKU-001-PANTRY,2025-05-05,263.4
SKU-001-PANTRY,2025-05-06,252.8
SKU-001-PANTRY,2025-05-07,244.1
SKU-001-PANTRY,2025-05-08,217.2
SKU-001-PANTRY,2025-05-09,210.9
SKU-001-PANTRY,2025-05-10,232.9
SKU-001-PANTRY,2025-05-11,257.2
SKU-001-PANTRY,2025-05-12,247.0
SKU-001-PANTRY,2025-05-13,251.0
SKU-001-PANTRY,2025-05-14,228.3
SKU-001-PANTRY,2025-05-15,229.2
SKU-001-PANTRY,2025-05-16,207.7
SKU-001-PANTRY,2025-05-17,242.6
SKU-001-PANTRY,2025-05-18,236.4
SKU-001-PANTRY,2025-05-19,261.9
SKU-001-PANTRY,2025-05-20,267.7
SKU-001-PANTRY,2025-05-21,231.2
SKU-001-PANTRY,2025-05-22,230.6
SKU-001-PANTRY,2025-05-23,191.1
SKU-001-PANTRY,2025-05-24,232.0
SKU-001-PANTRY,2025-05-25,255.2
SKU-001-PANTRY,2025-05-26,262.8
SKU-001-PANTRY,2025-05-27,238.4
SKU-001-PANTRY,2025-05-28,243.9
SKU-001-PANTRY,2025-05-29,190.3
SKU-001-PANTRY,2025-05-30,228.2
SKU-001-PANTRY,2025-05-31,236.5
SKU-001-PANTRY,2025-06-01,266.4
SKU-001-PANTRY,2025-06-02,262.4
SKU-001-PANTRY,2025-06-03,244.3
SKU-001-PANTRY,2025-06-04,230.8
SKU-001-PANTRY,2025-06-05,213.6
SKU-001-PANTRY,2025-06-06,225.0
SKU-001-PANTRY,2025-06-07,230.1
SKU-001-PANTRY,2025-06-08,260.3
SKU-001-PANTRY,2025-06-09,272.0
SKU-001-PANTRY,2025-06-10,275.3
SKU-001-PANTRY,2025-06-11,213.7
SKU-001-PANTRY,2025-06-12,214.9
SKU-001-PANTRY,2025-06-13,226.5
SKU-001-PANTRY,2025-06-14,242.5
SKU-001-PANTRY,2025-06-15,249.0
SKU-001-PANTRY,2025-06-16,263.3
SKU-001-PANTRY,2025-06-17,257.3
SKU-001-PANTRY,2025-06-18,239.3
SKU-001-PANTRY,2025-06-19,213.0
SKU-001-PANTRY,2025-06-20,210.5
SKU-001-PANTRY,2025-06-21,220.7
SKU-001-PANTRY,2025-06-22,251.0
SKU-001-PANTRY,2025-06-23,282.9
SKU-001-PANTRY,2025-06-24,246.8
SKU-001-PANTRY,2025-06-25,248.9
SKU-001-PANTRY,2025-06-26,242.6
SKU-001-PANTRY,2025-06-27,220.2
SKU-001-PANTRY,2025-06-28,261.9
SKU-001-PANTRY,2025-06-29,253.2
SKU-001-PANTRY,2025-06-30,285.6
SKU-001-PANTRY,2025-07-01,256.9
SKU-001-PANTRY,2025-07-02,222.0
SKU-001-PANTRY,2025-07-03,222.7
SKU-001-PANTRY,2025-07-04,239.4
SKU-001-PANTRY,2025-07-05,225.5
SKU-001-PANTRY,2025-07-06,259.6
SKU-001-PANTRY,2025-07-07,252.5
SKU-001-PANTRY,2025-07-08,245.6
SKU-001-PANTRY,2025-07-09,240.7
SKU-001-PANTRY,2025-07-10,214.9
SKU-001-PANTRY,2025-07-11,222.1
SKU-001-PANTRY,2025-07-12,246.3
SKU-001-PANTRY,2025-07-13,238.1
SKU-001-PANTRY,2025-07-14,254.5
SKU-001-PANTRY,2025-07-15,255.0
SKU-001-PANTRY,2025-07-16,261.2
SKU-001-PANTRY,2025-07-17,211.4
SKU-001-PANTRY,2025-07-18,207.7
SKU-001-PANTRY,2025-07-19,234.4
SKU-001-PANTRY,2025-07-20,275.6
SKU-001-PANTRY,2025-07-21,253.8
SKU-001-PANTRY,2025-07-22,248.7
SKU-001-PANTRY,2025-07-23,231.8
SKU-001-PANTRY,2025-07-24,222.2
SKU-001-PANTRY,2025-07-25,237.4
SKU-001-PANTRY,2025-07-26,211.9
SKU-001-PANTRY,2025-07-27,228.0
SKU-001-PANTRY,2025-07-28,260.2
SKU-001-PANTRY,2025-07-29,256.4
SKU-001-PANTRY,2025-07-30,202.1
SKU-001-PANTRY,2025-07-31,203.2
SKU-001-PANTRY,2025-08-01,220.2
SKU-001-PANTRY,2025-08-02,217.9
SKU-001-PANTRY,2025-08-03,251.1
SKU-001-PANTRY,2025-08-04,257.7
SKU-001-PANTRY,2025-08-05,255.0
SKU-001-PANTRY,2025-08-06,231.2
SKU-001-PANTRY,2025-08-07,210.8
SKU-001-PANTRY,2025-08-08,220.7
SKU-001-PANTRY,2025-08-09,214.5
SKU-001-PANTRY,2025-08-10,243.7
SKU-001-PANTRY,2025-08-11,266.1
SKU-001-PANTRY,2025-08-12,237.4
SKU-001-PANTRY,2025-08-13,218.4
SKU-001-PANTRY,2025-08-14,195.5
SKU-001-PANTRY,2025-08-15,191.2
SKU-001-PANTRY,2025-08-16,242.3
SKU-001-PANTRY,2025-08-17,244.6
SKU-001-PANTRY,2025-08-18,271.7
SKU-001-PANTRY,2025-08-19,249.5
SKU-001-PANTRY,2025-08-20,220.4
SKU-001-PANTRY,2025-08-21,197.7
SKU-001-PANTRY,2025-08-22,202.2
SKU-001-PANTRY,2025-08-23,213.9
SKU-001-PANTRY,2025-08-24,246.3
SKU-001-PANTRY,2025-08-25,235.1
SKU-001-PANTRY,2025-08-26,239.1
SKU-001-PANTRY,2025-08-27,221.3
SKU-001-PANTRY,2025-08-28,194.6
SKU-001-PANTRY,2025-08-29,192.5
SKU-001-PANTRY,2025-08-30,217.3
SKU-001-PANTRY,2025-08-31,238.3
SKU-001-PANTRY,2025-09-01,240.6
SKU-001-PANTRY,2025-09-02,233.1
SKU-001-PANTRY,2025-09-03,205.3
SKU-001-PANTRY,2025-09-04,200.2
SKU-001-PANTRY,2025-09-05,190.0
SKU-001-PANTRY,2025-09-06,188.0
SKU-001-PANTRY,2025-09-07,224.0
SKU-001-PANTRY,2025-09-08,245.3
SKU-001-PANTRY,2025-09-09,232.7
SKU-001-PANTRY,2025-09-10,197.3
SKU-001-PANTRY,2025-09-11,198.3
SKU-001-PANTRY,2025-09-12,194.7
SKU-001-PANTRY,2025-09-13,210.1
SKU-001-PANTRY,2025-09-14,241.9
SKU-001-PANTRY,2025-09-15,229.9
SKU-001-PANTRY,2025-09-16,232.5
SKU-001-PANTRY,2025-09-17,200.8
SKU-001-PANTRY,2025-09-18,197.3
SKU-001-PANTRY,2025-09-19,197.3
SKU-001-PANTRY,2025-09-20,204.6
SKU-001-PANTRY,2025-09-21,228.6
SKU-001-PANTRY,2025-09-22,220.1
SKU-001-PANTRY,2025-09-23,228.7
SKU-001-PANTRY,2025-09-24,185.7
SKU-001-PANTRY,2025-09-25,207.4
SKU-001-PANTRY,2025-09-26,193.2
SKU-001-PANTRY,2025-09-27,176.5
SKU-001-PANTRY,2025-09-28,183.8
SKU-001-PANTRY,2025-09-29,241.5
SKU-001-PANTRY,2025-09-30,207.1
SKU-001-PANTRY,2025-10-01,202.5
SKU-001-PANTRY,2025-10-02,162.0
SKU-001-PANTRY,2025-10-03,176.4
SKU-001-PANTRY,2025-10-04,183.2
SKU-001-PANTRY,2025-10-05,219.0
SKU-001-PANTRY,2025-10-06,218.1
SKU-001-PANTRY,2025-10-07,231.4
SKU-001-PANTRY,2025-10-08,183.2
SKU-001-PANTRY,2025-10-09,189.3
SKU-001-PANTRY,2025-10-10,171.7
SKU-001-PANTRY,2025-10-11,193.7
SKU-001-PANTRY,2025-10-12,189.3
SKU-001-PANTRY,2025-10-13,197.7
SKU-001-PANTRY,2025-10-14,222.8
SKU-001-PANTRY,2025-10-15,174.3
SKU-001-PANTRY,2025-10-16,166.6
SKU-001-PANTRY,2025-10-17,164.8
SKU-001-PANTRY,2025-10-18,173.4
SKU-001-PANTRY,2025-10-19,207.6
SKU-001-PANTRY,2025-10-20,198.7
SKU-001-PANTRY,2025-10-21,192.9
SKU-001-PANTRY,2025-10-22,197.0
SKU-001-PANTRY,2025-10-23,158.1
SKU-001-PANTRY,2025-10-24,174.7
SKU-001-PANTRY,2025-10-25,189.3
SKU-001-PANTRY,2025-10-26,220.6
SKU-001-PANTRY,2025-10-27,218.2
SKU-001-PANTRY,2025-10-28,182.4
SKU-001-PANTRY,2025-10-29,175.5
SKU-001-PANTRY,2025-10-30,160.1
SKU-001-PANTRY,2025-10-31,177.9
SKU-001-PANTRY,2025-11-01,183.0
SKU-001-PANTRY,2025-11-02,194.1
SKU-001-PANTRY,2025-11-03,215.6
SKU-001-PANTRY,2025-11-04,197.8
SKU-001-PANTRY,2025-11-05,187.6
SKU-001-PANTRY,2025-11-06,164.7
SKU-001-PANTRY,2025-11-07,174.3
SKU-001-PANTRY,2025-11-08,180.8
SKU-001-PANTRY,2025-11-09,209.9
SKU-001-PANTRY,2025-11-10,208.3
SKU-001-PANTRY,2025-11-11,208.7
SKU-001-PANTRY,2025-11-12,177.4
SKU-001-PANTRY,2025-11-13,168.8
SKU-001-PANTRY,2025-11-14,162.0
SKU-001-PANTRY,2025-11-15,173.6
SKU-001-PANTRY,2025-11-16,191.3
SKU-001-PANTRY,2025-11-17,203.6
SKU-001-PANTRY,2025-11-18,204.4
SKU-001-PANTRY,2025-11-19,150.3
SKU-001-PANTRY,2025-11-20,174.7
SKU-001-PANTRY,2025-11-21,129.7
SKU-001-PANTRY,2025-11-22,171.7
SKU-001-PANTRY,2025-11-23,191.3
SKU-001-PANTRY,2025-11-24,214.8
SKU-001-PANTRY,2025-11-25,200.6
SKU-001-PANTRY,2025-11-26,176.4
SKU-001-PANTRY,2025-11-27,160.0
SKU-001-PANTRY,2025-11-28,168.7
SKU-001-PANTRY,2025-11-29,201.3
SKU-001-PANTRY,2025-11-30,199.2
SKU-001-PANTRY,2025-12-01,180.6
SKU-001-PANTRY,2025-12-02,192.3
SKU-001-PANTRY,2025-12-03,181.6
SKU-001-PANTRY,2025-12-04,198.4
SKU-001-PANTRY,2025-12-05,147.9
SKU-001-PANTRY,2025-12-06,168.6
SKU-001-PANTRY,2025-12-07,201.2
SKU-001-PANTRY,2025-12-08,209.2
SKU-001-PANTRY,2025-12-09,181.4
SKU-001-PANTRY,2025-12-10,188.0
SKU-001-PANTRY,2025-12-11,143.0
SKU-001-PANTRY,2025-12-12,154.1
SKU-001-PANTRY,2025-12-13,189.3
SKU-001-PANTRY,2025-12-14,179.1
SKU-001-PANTRY,2025-12-15,201.6
SKU-001-PANTRY,2025-12-16,217.9
SKU-001-PANTRY,2025-12-17,174.1
SKU-001-PANTRY,2025-12-18,146.9
SKU-001-PANTRY,2025-12-19,151.1
SKU-001-PANTRY,2025-12-20,184.2
SKU-001-PANTRY,2025-12-21,177.0
SKU-001-PANTRY,2025-12-22,199.1
SKU-001-PANTRY,2025-12-23,181.4
SKU-001-PANTRY,2025-12-24,164.4
SKU-001-PANTRY,2025-12-25,176.1
SKU-001-PANTRY,2025-12-26,158.3
SKU-001-PANTRY,2025-12-27,170.2
SKU-001-PANTRY,2025-12-28,202.3
SKU-001-PANTRY,2025-12-29,199.6
SKU-001-PANTRY,2025-12-30,186.0
SKU-002-BEVERAGE,2024-01-01,264.6
SKU-002-BEVERAGE,2024-01-02,247.4
SKU-002-BEVERAGE,2024-01-03,183.6
SKU-002-BEVERAGE,2024-01-04,183.5
SKU-002-BEVERAGE,2024-01-05,195.1
SKU-002-BEVERAGE,2024-01-06,203.8
SKU-002-BEVERAGE,2024-01-07,238.8
SKU-002-BEVERAGE,2024-01-08,225.2
SKU-002-BEVERAGE,2024-01-09,232.9
SKU-002-BEVERAGE,2024-01-10,168.9
SKU-002-BEVERAGE,2024-01-11,194.8
SKU-002-BEVERAGE,2024-01-12,169.7
SKU-002-BEVERAGE,2024-01-13,222.9
SKU-002-BEVERAGE,2024-01-14,220.0
SKU-002-BEVERAGE,2024-01-15,267.7
SKU-002-BEVERAGE,2024-01-16,211.1
SKU-002-BEVERAGE,2024-01-17,199.9
SKU-002-BEVERAGE,2024-01-18,189.2
SKU-002-BEVERAGE,2024-01-19,184.0
SKU-002-BEVERAGE,2024-01-20,202.8
SKU-002-BEVERAGE,2024-01-21,209.1
SKU-002-BEVERAGE,2024-01-22,280.9
SKU-002-BEVERAGE,2024-01-23,256.8
SKU-002-BEVERAGE,2024-01-24,233.1
SKU-002-BEVERAGE,2024-01-25,205.1
SKU-002-BEVERAGE,2024-01-26,176.2
SKU-002-BEVERAGE,2024-01-27,216.5
SKU-002-BEVERAGE,2024-01-28,292.5
SKU-002-BEVERAGE,2024-01-29,247.4
SKU-002-BEVERAGE,2024-01-30,258.1
SKU-002-BEVERAGE,2024-01-31,208.2
SKU-002-BEVERAGE,2024-02-01,222.4
SKU-002-BEVERAGE,2024-02-02,192.2
SKU-002-BEVERAGE,2024-02-03,196.6
SKU-002-BEVERAGE,2024-02-04,239.7
SKU-002-BEVERAGE,2024-02-05,243.3
SKU-002-BEVERAGE,2024-02-06,215.6
SKU-002-BEVERAGE,2024-02-07,175.4
SKU-002-BEVERAGE,2024-02-08,183.9
SKU-002-BEVERAGE,2024-02-09,175.0
SKU-002-BEVERAGE,2024-02-10,224.8
SKU-002-BEVERAGE,2024-02-11,242.4
SKU-002-BEVERAGE,2024-02-12,279.7
SKU-002-BEVERAGE,2024-02-13,296.1
SKU-002-BEVERAGE,2024-02-14,210.2
SKU-002-BEVERAGE,2024-02-15,182.0
SKU-002-BEVERAGE,2024-02-16,220.5
SKU-002-BEVERAGE,2024-02-17,271.9
SKU-002-BEVERAGE,2024-02-18,248.6
SKU-002-BEVERAGE,2024-02-19,252.0
SKU-002-BEVERAGE,2024-02-20,265.7
SKU-002-BEVERAGE,2024-02-21,231.5
SKU-002-BEVERAGE,2024-02-22,224.3
SKU-002-BEVERAGE,2024-02-23,190.6
SKU-002-BEVERAGE,2024-02-24,231.8
SKU-002-BEVERAGE,2024-02-25,266.2
SKU-002-BEVERAGE,2024-02-26,261.5
SKU-002-BEVERAGE,2024-02-27,249.9
SKU-002-BEVERAGE,2024-02-28,254.5
SKU-002-BEVERAGE,2024-02-29,228.8
SKU-002-BEVERAGE,2024-03-01,203.0
SKU-002-BEVERAGE,2024-03-02,272.7
SKU-002-BEVERAGE,2024-03-03,296.6
SKU-002-BEVERAGE,2024-03-04,306.4
SKU-002-BEVERAGE,2024-03-05,297.3
SKU-002-BEVERAGE,2024-03-06,260.5
SKU-002-BEVERAGE,2024-03-07,239.8
SKU-002-BEVERAGE,2024-03-08,241.0
SKU-002-BEVERAGE,2024-03-09,253.2
SKU-002-BEVERAGE,2024-03-10,249.8
SKU-002-BEVERAGE,2024-03-11,302.7
SKU-002-BEVERAGE,2024-03-12,278.7
SKU-002-BEVERAGE,2024-03-13,240.1
SKU-002-BEVERAGE,2024-03-14,245.3
SKU-002-BEVERAGE,2024-03-15,200.4
SKU-002-BEVERAGE,2024-03-16,274.8
SKU-002-BEVERAGE,2024-03-17,283.3
SKU-002-BEVERAGE,2024-03-18,290.9
SKU-002-BEVERAGE,2024-03-19,285.7
SKU-002-BEVERAGE,2024-03-20,312.3
SKU-002-BEVERAGE,2024-03-21,269.0
SKU-002-BEVERAGE,2024-03-22,235.5
SKU-002-BEVERAGE,2024-03-23,286.9
SKU-002-BEVERAGE,2024-03-24,335.3
SKU-002-BEVERAGE,2024-03-25,305.0
SKU-002-BEVERAGE,2024-03-26,304.0
SKU-002-BEVERAGE,2024-03-27,294.0
SKU-002-BEVERAGE,2024-03-28,257.0
SKU-002-BEVERAGE,2024-03-29,241.4
SKU-002-BEVERAGE,2024-03-30,304.7
SKU-002-BEVERAGE,2024-03-31,319.5
SKU-002-BEVERAGE,2024-04-01,343.0
SKU-002-BEVERAGE,2024-04-02,360.6
SKU-002-BEVERAGE,2024-04-03,293.5
SKU-002-BEVERAGE,2024-04-04,305.6
SKU-002-BEVERAGE,2024-04-05,261.1
SKU-002-BEVERAGE,2024-04-06,279.1
SKU-002-BEVERAGE,2024-04-07,319.8
SKU-002-BEVERAGE,2024-04-08,351.7
SKU-002-BEVERAGE,2024-04-09,335.9
SKU-002-BEVERAGE,2024-04-10,298.4
SKU-002-BEVERAGE,2024-04-11,236.6
SKU-002-BEVERAGE,2024-04-12,242.4
SKU-002-BEVERAGE,2024-04-13,284.0
SKU-002-BEVERAGE,2024-04-14,337.5
SKU-002-BEVERAGE,2024-04-15,368.9
SKU-002-BEVERAGE,2024-04-16,286.3
SKU-002-BEVERAGE,2024-04-17,295.4
SKU-002-BEVERAGE,2024-04-18,261.9
SKU-002-BEVERAGE,2024-04-19,266.8
SKU-002-BEVERAGE,2024-04-20,299.1
SKU-002-BEVERAGE,2024-04-21,314.7
SKU-002-BEVERAGE,2024-04-22,324.1
SKU-002-BEVERAGE,2024-04-23,355.1
SKU-002-BEVERAGE,2024-04-24,317.9
SKU-002-BEVERAGE,2024-04-25,268.6
SKU-002-BEVERAGE,2024-04-26,272.4
SKU-002-BEVERAGE,2024-04-27,288.3
SKU-002-BEVERAGE,2024-04-28,310.1
SKU-002-BEVERAGE,2024-04-29,366.0
SKU-002-BEVERAGE,2024-04-30,329.7
SKU-002-BEVERAGE,2024-05-01,288.9
SKU-002-BEVERAGE,2024-05-02,270.6
SKU-002-BEVERAGE,2024-05-03,310.1
SKU-002-BEVERAGE,2024-05-04,314.3
SKU-002-BEVERAGE,2024-05-05,345.5
SKU-002-BEVERAGE,2024-05-06,360.7
SKU-002-BEVERAGE,2024-05-07,362.8
SKU-002-BEVERAGE,2024-05-08,327.8
SKU-002-BEVERAGE,2024-05-09,262.4
SKU-002-BEVERAGE,2024-05-10,280.1
SKU-002-BEVERAGE,2024-05-11,298.7
SKU-002-BEVERAGE,2024-05-12,349.4
SKU-002-BEVERAGE,2024-05-13,362.1
SKU-002-BEVERAGE,2024-05-14,314.2
SKU-002-BEVERAGE,2024-05-15,339.5
SKU-002-BEVERAGE,2024-05-16,295.0
SKU-002-BEVERAGE,2024-05-17,256.3
SKU-002-BEVERAGE,2024-05-18,335.3
SKU-002-BEVERAGE,2024-05-19,351.3
SKU-002-BEVERAGE,2024-05-20,375.4
SKU-002-BEVERAGE,2024-05-21,354.8
SKU-002-BEVERAGE,2024-05-22,324.4
SKU-002-BEVERAGE,2024-05-23,283.9
SKU-002-BEVERAGE,2024-05-24,260.5
SKU-002-BEVERAGE,2024-05-25,305.6
SKU-002-BEVERAGE,2024-05-26,354.9
SKU-002-BEVERAGE,2024-05-27,369.8
SKU-002-BEVERAGE,2024-05-28,368.6
SKU-002-BEVERAGE,2024-05-29,321.9
SKU-002-BEVERAGE,2024-05-30,254.1
SKU-002-BEVERAGE,2024-05-31,306.6
SKU-002-BEVERAGE,2024-06-01,304.0
SKU-002-BEVERAGE,2024-06-02,328.7
SKU-002-BEVERAGE,2024-06-03,364.9
SKU-002-BEVERAGE,2024-06-04,333.0
SKU-002-BEVERAGE,2024-06-05,331.6
SKU-002-BEVERAGE,2024-06-06,279.6
SKU-002-BEVERAGE,2024-06-07,329.8
SKU-002-BEVERAGE,2024-06-08,315.3
SKU-002-BEVERAGE,2024-06-09,344.0
SKU-002-BEVERAGE,2024-06-10,359.5
SKU-002-BEVERAGE,2024-06-11,319.1
SKU-002-BEVERAGE,2024-06-12,309.6
SKU-002-BEVERAGE,2024-06-13,283.1
SKU-002-BEVERAGE,2024-06-14,288.5
SKU-002-BEVERAGE,2024-06-15,279.4
SKU-002-BEVERAGE,2024-06-16,355.1
SKU-002-BEVERAGE,2024-06-17,395.2
SKU-002-BEVERAGE,2024-06-18,350.9
SKU-002-BEVERAGE,2024-06-19,324.6
SKU-002-BEVERAGE,2024-06-20,304.7
SKU-002-BEVERAGE,2024-06-21,279.7
SKU-002-BEVERAGE,2024-06-22,311.7
SKU-002-BEVERAGE,2024-06-23,371.5
SKU-002-BEVERAGE,2024-06-24,374.6
SKU-002-BEVERAGE,2024-06-25,335.7
SKU-002-BEVERAGE,2024-06-26,292.1
SKU-002-BEVERAGE,2024-06-27,338.0
SKU-002-BEVERAGE,2024-06-28,301.6
SKU-002-BEVERAGE,2024-06-29,289.7
SKU-002-BEVERAGE,2024-06-30,355.7
SKU-002-BEVERAGE,2024-07-01,382.3
SKU-002-BEVERAGE,2024-07-02,359.0
SKU-002-BEVERAGE,2024-07-03,289.0
SKU-002-BEVERAGE,2024-07-04,327.7
SKU-002-BEVERAGE,2024-07-05,302.7
SKU-002-BEVERAGE,2024-07-06,313.4
SKU-002-BEVERAGE,2024-07-07,363.4
SKU-002-BEVERAGE,2024-07-08,363.7
SKU-002-BEVERAGE,2024-07-09,348.5
SKU-002-BEVERAGE,2024-07-10,337.4
SKU-002-BEVERAGE,2024-07-11,255.7
SKU-002-BEVERAGE,2024-07-12,307.5
SKU-002-BEVERAGE,2024-07-13,321.6
SKU-002-BEVERAGE,2024-07-14,362.0
SKU-002-BEVERAGE,2024-07-15,381.6
SKU-002-BEVERAGE,2024-07-16,380.2
SKU-002-BEVERAGE,2024-07-17,344.4
SKU-002-BEVERAGE,2024-07-18,305.1
SKU-002-BEVERAGE,2024-07-19,278.8
SKU-002-BEVERAGE,2024-07-20,323.6
SKU-002-BEVERAGE,2024-07-21,335.9
SKU-002-BEVERAGE,2024-07-22,343.9
SKU-002-BEVERAGE,2024-07-23,356.4
SKU-002-BEVERAGE,2024-07-24,320.8
SKU-002-BEVERAGE,2024-07-25,306.8
SKU-002-BEVERAGE,2024-07-26,242.7
SKU-002-BEVERAGE,2024-07-27,317.8
SKU-002-BEVERAGE,2024-07-28,352.8
SKU-002-BEVERAGE,2024-07-29,359.2
SKU-002-BEVERAGE,2024-07-30,370.8
SKU-002-BEVERAGE,2024-07-31,293.7
SKU-002-BEVERAGE,2024-08-01,286.7
SKU-002-BEVERAGE,2024-08-02,270.5
SKU-002-BEVERAGE,2024-08-03,301.9
SKU-002-BEVERAGE,2024-08-04,317.9
SKU-002-BEVERAGE,2024-08-05,349.6
SKU-002-BEVERAGE,2024-08-06,351.0
SKU-002-BEVERAGE,2024-08-07,306.8
SKU-002-BEVERAGE,2024-08-08,281.6
SKU-002-BEVERAGE,2024-08-09,258.0
SKU-002-BEVERAGE,2024-08-10,325.8
SKU-002-BEVERAGE,2024-08-11,317.5
SKU-002-BEVERAGE,2024-08-12,347.0
SKU-002-BEVERAGE,2024-08-13,343.8
SKU-002-BEVERAGE,2024-08-14,295.7
SKU-002-BEVERAGE,2024-08-15,283.4
SKU-002-BEVERAGE,2024-08-16,269.8
SKU-002-BEVERAGE,2024-08-17,322.1
SKU-002-BEVERAGE,2024-08-18,334.4
SKU-002-BEVERAGE,2024-08-19,348.0
SKU-002-BEVERAGE,2024-08-20,312.2
SKU-002-BEVERAGE,2024-08-21,301.4
SKU-002-BEVERAGE,2024-08-22,281.7
SKU-002-BEVERAGE,2024-08-23,267.6
SKU-002-BEVERAGE,2024-08-24,267.6
SKU-002-BEVERAGE,2024-08-25,308.0
SKU-002-BEVERAGE,2024-08-26,330.1
SKU-002-BEVERAGE,2024-08-27,320.9
SKU-002-BEVERAGE,2024-08-28,261.1
SKU-002-BEVERAGE,2024-08-29,291.0
SKU-002-BEVERAGE,2024-08-30,251.6
SKU-002-BEVERAGE,2024-08-31,280.1
SKU-002-BEVERAGE,2024-09-01,303.3
SKU-002-BEVERAGE,2024-09-02,326.9
SKU-002-BEVERAGE,2024-09-03,348.8
SKU-002-BEVERAGE,2024-09-04,262.4
SKU-002-BEVERAGE,2024-09-05,240.7
SKU-002-BEVERAGE,2024-09-06,227.8
SKU-002-BEVERAGE,2024-09-07,261.2
SKU-002-BEVERAGE,2024-09-08,332.4
SKU-002-BEVERAGE,2024-09-09,309.4
SKU-002-BEVERAGE,2024-09-10,298.8
SKU-002-BEVERAGE,2024-09-11,240.0
SKU-002-BEVERAGE,2024-09-12,236.8
SKU-002-BEVERAGE,2024-09-13,244.0
SKU-002-BEVERAGE,2024-09-14,255.6
SKU-002-BEVERAGE,2024-09-15,290.6
SKU-002-BEVERAGE,2024-09-16,328.7
SKU-002-BEVERAGE,2024-09-17,310.0
SKU-002-BEVERAGE,2024-09-18,264.4
SKU-002-BEVERAGE,2024-09-19,222.5
SKU-002-BEVERAGE,2024-09-20,206.0
SKU-002-BEVERAGE,2024-09-21,288.5
SKU-002-BEVERAGE,2024-09-22,263.2
SKU-002-BEVERAGE,2024-09-23,319.3
SKU-002-BEVERAGE,2024-09-24,290.3
SKU-002-BEVERAGE,2024-09-25,246.5
SKU-002-BEVERAGE,2024-09-26,246.3
SKU-002-BEVERAGE,2024-09-27,213.5
SKU-002-BEVERAGE,2024-09-28,274.4
SKU-002-BEVERAGE,2024-09-29,266.3
SKU-002-BEVERAGE,2024-09-30,310.2
SKU-002-BEVERAGE,2024-10-01,310.8
SKU-002-BEVERAGE,2024-10-02,236.0
SKU-002-BEVERAGE,2024-10-03,262.1
SKU-002-BEVERAGE,2024-10-04,236.3
SKU-002-BEVERAGE,2024-10-05,205.4
SKU-002-BEVERAGE,2024-10-06,304.1
SKU-002-BEVERAGE,2024-10-07,329.9
SKU-002-BEVERAGE,2024-10-08,276.9
SKU-002-BEVERAGE,2024-10-09,244.1
SKU-002-BEVERAGE,2024-10-10,224.9
SKU-002-BEVERAGE,2024-10-11,180.5
SKU-002-BEVERAGE,2024-10-12,242.5
SKU-002-BEVERAGE,2024-10-13,290.1
SKU-002-BEVERAGE,2024-10-14,279.7
SKU-002-BEVERAGE,2024-10-15,296.2
SKU-002-BEVERAGE,2024-10-16,282.0
SKU-002-BEVERAGE,2024-10-17,177.2
SKU-002-BEVERAGE,2024-10-18,176.8
SKU-002-BEVERAGE,2024-10-19,221.5
SKU-002-BEVERAGE,2024-10-20,279.4
SKU-002-BEVERAGE,2024-10-21,291.3
SKU-002-BEVERAGE,2024-10-22,254.3
SKU-002-BEVERAGE,2024-10-23,216.5
SKU-002-BEVERAGE,2024-10-24,194.5
SKU-002-BEVERAGE,2024-10-25,235.4
SKU-002-BEVERAGE,2024-10-26,212.3
SKU-002-BEVERAGE,2024-10-27,252.7
SKU-002-BEVERAGE,2024-10-28,297.1
SKU-002-BEVERAGE,2024-10-29,261.5
SKU-002-BEVERAGE,2024-10-30,214.6
SKU-002-BEVERAGE,2024-10-31,229.3
SKU-002-BEVERAGE,2024-11-01,206.5
SKU-002-BEVERAGE,2024-11-02,213.0
SKU-002-BEVERAGE,2024-11-03,252.3
SKU-002-BEVERAGE,2024-11-04,292.8
SKU-002-BEVERAGE,2024-11-05,256.0
SKU-002-BEVERAGE,2024-11-06,233.7
SKU-002-BEVERAGE,2024-11-07,216.0
SKU-002-BEVERAGE,2024-11-08,215.1
SKU-002-BEVERAGE,2024-11-09,188.9
SKU-002-BEVERAGE,2024-11-10,247.2
SKU-002-BEVERAGE,2024-11-11,266.8
SKU-002-BEVERAGE,2024-11-12,261.6
SKU-002-BEVERAGE,2024-11-13,240.1
SKU-002-BEVERAGE,2024-11-14,218.4
SKU-002-BEVERAGE,2024-11-15,186.2
SKU-002-BEVERAGE,2024-11-16,199.6
SKU-002-BEVERAGE,2024-11-17,257.2
SKU-002-BEVERAGE,2024-11-18,259.8
SKU-002-BEVERAGE,2024-11-19,288.9
SKU-002-BEVERAGE,2024-11-20,230.6
SKU-002-BEVERAGE,2024-11-21,196.3
SKU-002-BEVERAGE,2024-11-22,210.6
SKU-002-BEVERAGE,2024-11-23,206.0
SKU-002-BEVERAGE,2024-11-24,245.8
SKU-002-BEVERAGE,2024-11-25,265.9
SKU-002-BEVERAGE,2024-11-26,267.9
SKU-002-BEVERAGE,2024-11-27,246.3
SKU-002-BEVERAGE,2024-11-28,208.3
SKU-002-BEVERAGE,2024-11-29,205.2
SKU-002-BEVERAGE,2024-11-30,212.9
SKU-002-BEVERAGE,2024-12-01,257.9
SKU-002-BEVERAGE,2024-12-02,264.1
SKU-002-BEVERAGE,2024-12-03,276.4
SKU-002-BEVERAGE,2024-12-04,210.9
SKU-002-BEVERAGE,2024-12-05,192.3
SKU-002-BEVERAGE,2024-12-06,195.5
SKU-002-BEVERAGE,2024-12-07,230.9
SKU-002-BEVERAGE,2024-12-08,238.0
SKU-002-BEVERAGE,2024-12-09,264.2
SKU-002-BEVERAGE,2024-12-10,240.8
SKU-002-BEVERAGE,2024-12-11,198.3
SKU-002-BEVERAGE,2024-12-12,213.7
SKU-002-BEVERAGE,2024-12-13,200.0
SKU-002-BEVERAGE,2024-12-14,190.3
SKU-002-BEVERAGE,2024-12-15,234.2
SKU-002-BEVERAGE,2024-12-16,279.3
SKU-002-BEVERAGE,2024-12-17,245.6
SKU-002-BEVERAGE,2024-12-18,204.6
SKU-002-BEVERAGE,2024-12-19,217.8
SKU-002-BEVERAGE,2024-12-20,184.2
SKU-002-BEVERAGE,2024-12-21,212.1
SKU-002-BEVERAGE,2024-12-22,263.5
SKU-002-BEVERAGE,2024-12-23,258.0
SKU-002-BEVERAGE,2024-12-24,258.8
SKU-002-BEVERAGE,2024-12-25,228.4
SKU-002-BEVERAGE,2024-12-26,210.7
SKU-002-BEVERAGE,2024-12-27,181.8
SKU-002-BEVERAGE,2024-12-28,240.6
SKU-002-BEVERAGE,2024-12-29,261.9
SKU-002-BEVERAGE,2024-12-30,305.8
SKU-002-BEVERAGE,2024-12-31,265.0
SKU-002-BEVERAGE,2025-01-01,218.6
SKU-002-BEVERAGE,2025-01-02,190.4
SKU-002-BEVERAGE,2025-01-03,177.7
SKU-002-BEVERAGE,2025-01-04,224.0
SKU-002-BEVERAGE,2025-01-05,257.7
SKU-002-BEVERAGE,2025-01-06,292.8
SKU-002-BEVERAGE,2025-01-07,265.9
SKU-002-BEVERAGE,2025-01-08,216.5
SKU-002-BEVERAGE,2025-01-09,222.2
SKU-002-BEVERAGE,2025-01-10,194.0
SKU-002-BEVERAGE,2025-01-11,232.8
SKU-002-BEVERAGE,2025-01-12,289.2
SKU-002-BEVERAGE,2025-01-13,303.7
SKU-002-BEVERAGE,2025-01-14,255.3
SKU-002-BEVERAGE,2025-01-15,233.9
SKU-002-BEVERAGE,2025-01-16,232.3
SKU-002-BEVERAGE,2025-01-17,224.1
SKU-002-BEVERAGE,2025-01-18,242.3
SKU-002-BEVERAGE,2025-01-19,283.6
SKU-002-BEVERAGE,2025-01-20,246.4
SKU-002-BEVERAGE,2025-01-21,268.0
SKU-002-BEVERAGE,2025-01-22,214.9
SKU-002-BEVERAGE,2025-01-23,201.5
SKU-002-BEVERAGE,2025-01-24,204.4
SKU-002-BEVERAGE,2025-01-25,246.2
SKU-002-BEVERAGE,2025-01-26,293.9
SKU-002-BEVERAGE,2025-01-27,304.9
SKU-002-BEVERAGE,2025-01-28,283.6
SKU-002-BEVERAGE,2025-01-29,239.8
SKU-002-BEVERAGE,2025-01-30,241.6
SKU-002-BEVERAGE,2025-01-31,221.6
SKU-002-BEVERAGE,2025-02-01,211.2
SKU-002-BEVERAGE,2025-02-02,277.1
SKU-002-BEVERAGE,2025-02-03,305.5
SKU-002-BEVERAGE,2025-02-04,267.0
SKU-002-BEVERAGE,2025-02-05,256.1
SKU-002-BEVERAGE,2025-02-06,251.9
SKU-002-BEVERAGE,2025-02-07,218.3
SKU-002-BEVERAGE,2025-02-08,248.4
SKU-002-BEVERAGE,2025-02-09,283.8
SKU-002-BEVERAGE,2025-02-10,285.1
SKU-002-BEVERAGE,2025-02-11,282.3
SKU-002-BEVERAGE,2025-02-12,240.3
SKU-002-BEVERAGE,2025-02-13,225.6
SKU-002-BEVERAGE,2025-02-14,214.9
SKU-002-BEVERAGE,2025-02-15,273.4
SKU-002-BEVERAGE,2025-02-16,289.2
SKU-002-BEVERAGE,2025-02-17,324.9
SKU-002-BEVERAGE,2025-02-18,274.8
SKU-002-BEVERAGE,2025-02-19,265.2
SKU-002-BEVERAGE,2025-02-20,248.4
SKU-002-BEVERAGE,2025-02-21,249.2
SKU-002-BEVERAGE,2025-02-22,251.9
SKU-002-BEVERAGE,2025-02-23,296.6
SKU-002-BEVERAGE,2025-02-24,318.8
SKU-002-BEVERAGE,2025-02-25,298.9
SKU-002-BEVERAGE,2025-02-26,265.4
SKU-002-BEVERAGE,2025-02-27,255.0
SKU-002-BEVERAGE,2025-02-28,222.6
SKU-002-BEVERAGE,2025-03-01,237.8
SKU-002-BEVERAGE,2025-03-02,297.3
SKU-002-BEVERAGE,2025-03-03,329.7
SKU-002-BEVERAGE,2025-03-04,271.3
SKU-002-BEVERAGE,2025-03-05,305.3
SKU-002-BEVERAGE,2025-03-06,255.0
SKU-002-BEVERAGE,2025-03-07,262.5
SKU-002-BEVERAGE,2025-03-08,263.3
SKU-002-BEVERAGE,2025-03-09,313.2
SKU-002-BEVERAGE,2025-03-10,365.5
SKU-002-BEVERAGE,2025-03-11,354.5
SKU-002-BEVERAGE,2025-03-12,300.0
SKU-002-BEVERAGE,2025-03-13,256.1
SKU-002-BEVERAGE,2025-03-14,257.9
SKU-002-BEVERAGE,2025-03-15,310.5
SKU-002-BEVERAGE,2025-03-16,309.0
SKU-002-BEVERAGE,2025-03-17,323.3
SKU-002-BEVERAGE,2025-03-18,326.0
SKU-002-BEVERAGE,2025-03-19,312.9
SKU-002-BEVERAGE,2025-03-20,249.3
SKU-002-BEVERAGE,2025-03-21,273.9
SKU-002-BEVERAGE,2025-03-22,300.8
SKU-002-BEVERAGE,2025-03-23,331.8
SKU-002-BEVERAGE,2025-03-24,344.9
SKU-002-BEVERAGE,2025-03-25,352.8
SKU-002-BEVERAGE,2025-03-26,314.2
SKU-002-BEVERAGE,2025-03-27,249.7
SKU-002-BEVERAGE,2025-03-28,304.0
SKU-002-BEVERAGE,2025-03-29,309.6
SKU-002-BEVERAGE,2025-03-30,342.4
SKU-002-BEVERAGE,2025-03-31,348.4
SKU-002-BEVERAGE,2025-04-01,337.7
SKU-002-BEVERAGE,2025-04-02,265.0
SKU-002-BEVERAGE,2025-04-03,279.0
SKU-002-BEVERAGE,2025-04-04,292.5
SKU-002-BEVERAGE,2025-04-05,319.4
SKU-002-BEVERAGE,2025-04-06,331.2
SKU-002-BEVERAGE,2025-04-07,318.7
SKU-002-BEVERAGE,2025-04-08,329.3
SKU-002-BEVERAGE,2025-04-09,311.9
SKU-002-BEVERAGE,2025-04-10,313.3
SKU-002-BEVERAGE,2025-04-11,259.0
SKU-002-BEVERAGE,2025-04-12,315.3
SKU-002-BEVERAGE,2025-04-13,361.0
SKU-002-BEVERAGE,2025-04-14,379.8
SKU-002-BEVERAGE,2025-04-15,354.9
SKU-002-BEVERAGE,2025-04-16,273.7
SKU-002-BEVERAGE,2025-04-17,307.6
SKU-002-BEVERAGE,2025-04-18,297.4
SKU-002-BEVERAGE,2025-04-19,331.3
SKU-002-BEVERAGE,2025-04-20,339.5
SKU-002-BEVERAGE,2025-04-21,366.1
SKU-002-BEVERAGE,2025-04-22,390.4
SKU-002-BEVERAGE,2025-04-23,329.0
SKU-002-BEVERAGE,2025-04-24,302.9
SKU-002-BEVERAGE,2025-04-25,288.3
SKU-002-BEVERAGE,2025-04-26,350.7
SKU-002-BEVERAGE,2025-04-27,333.0
SKU-002-BEVERAGE,2025-04-28,371.5
SKU-002-BEVERAGE,2025-04-29,376.9
SKU-002-BEVERAGE,2025-04-30,335.9
SKU-002-BEVERAGE,2025-05-01,324.9
SKU-002-BEVERAGE,2025-05-02,314.8
SKU-002-BEVERAGE,2025-05-03,359.7
SKU-002-BEVERAGE,2025-05-04,364.4
SKU-002-BEVERAGE,2025-05-05,384.1
SKU-002-BEVERAGE,2025-05-06,379.5
SKU-002-BEVERAGE,2025-05-07,309.5
SKU-002-BEVERAGE,2025-05-08,339.8
SKU-002-BEVERAGE,2025-05-09,295.7
SKU-002-BEVERAGE,2025-05-10,359.2
SKU-002-BEVERAGE,2025-05-11,399.7
SKU-002-BEVERAGE,2025-05-12,409.8
SKU-002-BEVERAGE,2025-05-13,382.7
SKU-002-BEVERAGE,2025-05-14,335.0
SKU-002-BEVERAGE,2025-05-15,279.6
SKU-002-BEVERAGE,2025-05-16,326.9
SKU-002-BEVERAGE,2025-05-17,338.3
SKU-002-BEVERAGE,2025-05-18,408.8
SKU-002-BEVERAGE,2025-05-19,389.8
SKU-002-BEVERAGE,2025-05-20,394.3
SKU-002-BEVERAGE,2025-05-21,342.8
SKU-002-BEVERAGE,2025-05-22,329.8
SKU-002-BEVERAGE,2025-05-23,313.6
SKU-002-BEVERAGE,2025-05-24,342.8
SKU-002-BEVERAGE,2025-05-25,346.2
SKU-002-BEVERAGE,2025-05-26,385.1
SKU-002-BEVERAGE,2025-05-27,382.9
SKU-002-BEVERAGE,2025-05-28,376.1
SKU-002-BEVERAGE,2025-05-29,329.5
SKU-002-BEVERAGE,2025-05-30,300.0
SKU-002-BEVERAGE,2025-05-31,377.1
SKU-002-BEVERAGE,2025-06-01,389.2
SKU-002-BEVERAGE,2025-06-02,420.6
SKU-002-BEVERAGE,2025-06-03,371.1
SKU-002-BEVERAGE,2025-06-04,294.6
SKU-002-BEVERAGE,2025-06-05,312.1
SKU-002-BEVERAGE,2025-06-06,305.2
SKU-002-BEVERAGE,2025-06-07,354.4
SKU-002-BEVERAGE,2025-06-08,355.8
SKU-002-BEVERAGE,2025-06-09,385.1
SKU-002-BEVERAGE,2025-06-10,363.6
SKU-002-BEVERAGE,2025-06-11,358.0
SKU-002-BEVERAGE,2025-06-12,310.1
SKU-002-BEVERAGE,2025-06-13,349.8
SKU-002-BEVERAGE,2025-06-14,364.7
SKU-002-BEVERAGE,2025-06-15,400.0
SKU-002-BEVERAGE,2025-06-16,397.9
SKU-002-BEVERAGE,2025-06-17,393.4
SKU-002-BEVERAGE,2025-06-18,371.6
SKU-002-BEVERAGE,2025-06-19,311.7
SKU-002-BEVERAGE,2025-06-20,347.4
SKU-002-BEVERAGE,2025-06-21,348.7
SKU-002-BEVERAGE,2025-06-22,407.4
SKU-002-BEVERAGE,2025-06-23,442.6
SKU-002-BEVERAGE,2025-06-24,417.1
SKU-002-BEVERAGE,2025-06-25,335.4
SKU-002-BEVERAGE,2025-06-26,348.6
SKU-002-BEVERAGE,2025-06-27,317.9
SKU-002-BEVERAGE,2025-06-28,341.3
SKU-002-BEVERAGE,2025-06-29,378.8
SKU-002-BEVERAGE,2025-06-30,378.5
SKU-002-BEVERAGE,2025-07-01,391.4
SKU-002-BEVERAGE,2025-07-02,340.4
SKU-002-BEVERAGE,2025-07-03,345.0
SKU-002-BEVERAGE,2025-07-04,327.7
SKU-002-BEVERAGE,2025-07-05,299.6
SKU-002-BEVERAGE,2025-07-06,363.3
SKU-002-BEVERAGE,2025-07-07,379.3
SKU-002-BEVERAGE,2025-07-08,371.9
SKU-002-BEVERAGE,2025-07-09,338.8
SKU-002-BEVERAGE,2025-07-10,325.6
SKU-002-BEVERAGE,2025-07-11,316.1
SKU-002-BEVERAGE,2025-07-12,324.1
SKU-002-BEVERAGE,2025-07-13,385.9
SKU-002-BEVERAGE,2025-07-14,411.3
SKU-002-BEVERAGE,2025-07-15,381.5
SKU-002-BEVERAGE,2025-07-16,369.2
SKU-002-BEVERAGE,2025-07-17,326.4
SKU-002-BEVERAGE,2025-07-18,305.3
SKU-002-BEVERAGE,2025-07-19,333.3
SKU-002-BEVERAGE,2025-07-20,374.3
SKU-002-BEVERAGE,2025-07-21,400.6
SKU-002-BEVERAGE,2025-07-22,380.7
SKU-002-BEVERAGE,2025-07-23,361.6
SKU-002-BEVERAGE,2025-07-24,335.5
SKU-002-BEVERAGE,2025-07-25,293.0
SKU-002-BEVERAGE,2025-07-26,315.2
SKU-002-BEVERAGE,2025-07-27,368.1
SKU-002-BEVERAGE,2025-07-28,394.8
SKU-002-BEVERAGE,2025-07-29,389.6
SKU-002-BEVERAGE,2025-07-30,350.9
SKU-002-BEVERAGE,2025-07-31,321.1
SKU-002-BEVERAGE,2025-08-01,289.8
SKU-002-BEVERAGE,2025-08-02,338.3
SKU-002-BEVERAGE,2025-08-03,353.3
SKU-002-BEVERAGE,2025-08-04,389.1
SKU-002-BEVERAGE,2025-08-05,384.3
SKU-002-BEVERAGE,2025-08-06,321.8
SKU-002-BEVERAGE,2025-08-07,300.2
SKU-002-BEVERAGE,2025-08-08,346.1
SKU-002-BEVERAGE,2025-08-09,312.4
SKU-002-BEVERAGE,2025-08-10,350.4
SKU-002-BEVERAGE,2025-08-11,356.2
SKU-002-BEVERAGE,2025-08-12,336.3
SKU-002-BEVERAGE,2025-08-13,346.4
SKU-002-BEVERAGE,2025-08-14,286.6
SKU-002-BEVERAGE,2025-08-15,284.3
SKU-002-BEVERAGE,2025-08-16,305.7
SKU-002-BEVERAGE,2025-08-17,302.6
SKU-002-BEVERAGE,2025-08-18,383.7
SKU-002-BEVERAGE,2025-08-19,346.3
SKU-002-BEVERAGE,2025-08-20,321.3
SKU-002-BEVERAGE,2025-08-21,317.7
SKU-002-BEVERAGE,2025-08-22,286.8
SKU-002-BEVERAGE,2025-08-23,316.4
SKU-002-BEVERAGE,2025-08-24,350.6
SKU-002-BEVERAGE,2025-08-25,387.0
SKU-002-BEVERAGE,2025-08-26,325.6
SKU-002-BEVERAGE,2025-08-27,305.7
SKU-002-BEVERAGE,2025-08-28,246.9
SKU-002-BEVERAGE,2025-08-29,283.5
SKU-002-BEVERAGE,2025-08-30,319.3
SKU-002-BEVERAGE,2025-08-31,333.4
SKU-002-BEVERAGE,2025-09-01,393.8
SKU-002-BEVERAGE,2025-09-02,361.6
SKU-002-BEVERAGE,2025-09-03,345.2
SKU-002-BEVERAGE,2025-09-04,283.2
SKU-002-BEVERAGE,2025-09-05,309.8
SKU-002-BEVERAGE,2025-09-06,292.2
SKU-002-BEVERAGE,2025-09-07,342.5
SKU-002-BEVERAGE,2025-09-08,353.6
SKU-002-BEVERAGE,2025-09-09,329.9
SKU-002-BEVERAGE,2025-09-10,333.6
SKU-002-BEVERAGE,2025-09-11,298.1
SKU-002-BEVERAGE,2025-09-12,258.2
SKU-002-BEVERAGE,2025-09-13,308.0
SKU-002-BEVERAGE,2025-09-14,330.6
SKU-002-BEVERAGE,2025-09-15,348.1
SKU-002-BEVERAGE,2025-09-16,342.5
SKU-002-BEVERAGE,2025-09-17,288.3
SKU-002-BEVERAGE,2025-09-18,271.4
SKU-002-BEVERAGE,2025-09-19,270.0
SKU-002-BEVERAGE,2025-09-20,278.2
SKU-002-BEVERAGE,2025-09-21,313.3
SKU-002-BEVERAGE,2025-09-22,354.6
SKU-002-BEVERAGE,2025-09-23,325.7
SKU-002-BEVERAGE,2025-09-24,334.0
SKU-002-BEVERAGE,2025-09-25,300.3
SKU-002-BEVERAGE,2025-09-26,244.7
SKU-002-BEVERAGE,2025-09-27,288.2
SKU-002-BEVERAGE,2025-09-28,279.0
SKU-002-BEVERAGE,2025-09-29,320.0
SKU-002-BEVERAGE,2025-09-30,301.7
SKU-002-BEVERAGE,2025-10-01,269.8
SKU-002-BEVERAGE,2025-10-02,215.2
SKU-002-BEVERAGE,2025-10-03,255.7
SKU-002-BEVERAGE,2025-10-04,278.1
SKU-002-BEVERAGE,2025-10-05,294.1
SKU-002-BEVERAGE,2025-10-06,323.8
SKU-002-BEVERAGE,2025-10-07,328.3
SKU-002-BEVERAGE,2025-10-08,306.6
SKU-002-BEVERAGE,2025-10-09,223.8
SKU-002-BEVERAGE,2025-10-10,273.6
SKU-002-BEVERAGE,2025-10-11,238.2
SKU-002-BEVERAGE,2025-10-12,287.9
SKU-002-BEVERAGE,2025-10-13,312.2
SKU-002-BEVERAGE,2025-10-14,333.8
SKU-002-BEVERAGE,2025-10-15,282.7
SKU-002-BEVERAGE,2025-10-16,253.0
SKU-002-BEVERAGE,2025-10-17,267.5
SKU-002-BEVERAGE,2025-10-18,268.1
SKU-002-BEVERAGE,2025-10-19,289.4
SKU-002-BEVERAGE,2025-10-20,340.7
SKU-002-BEVERAGE,2025-10-21,296.5
SKU-002-BEVERAGE,2025-10-22,243.5
SKU-002-BEVERAGE,2025-10-23,205.8
SKU-002-BEVERAGE,2025-10-24,237.1
SKU-002-BEVERAGE,2025-10-25,293.1
SKU-002-BEVERAGE,2025-10-26,306.3
SKU-002-BEVERAGE,2025-10-27,310.2
SKU-002-BEVERAGE,2025-10-28,318.0
SKU-002-BEVERAGE,2025-10-29,235.0
SKU-002-BEVERAGE,2025-10-30,240.7
SKU-002-BEVERAGE,2025-10-31,220.1
SKU-002-BEVERAGE,2025-11-01,279.9
SKU-002-BEVERAGE,2025-11-02,273.3
SKU-002-BEVERAGE,2025-11-03,319.9
SKU-002-BEVERAGE,2025-11-04,295.6
SKU-002-BEVERAGE,2025-11-05,258.5
SKU-002-BEVERAGE,2025-11-06,241.8
SKU-002-BEVERAGE,2025-11-07,223.8
SKU-002-BEVERAGE,2025-11-08,277.4
SKU-002-BEVERAGE,2025-11-09,281.4
SKU-002-BEVERAGE,2025-11-10,262.4
SKU-002-BEVERAGE,2025-11-11,315.0
SKU-002-BEVERAGE,2025-11-12,279.3
SKU-002-BEVERAGE,2025-11-13,235.3
SKU-002-BEVERAGE,2025-11-14,248.6
SKU-002-BEVERAGE,2025-11-15,261.0
SKU-002-BEVERAGE,2025-11-16,267.3
SKU-002-BEVERAGE,2025-11-17,262.1
SKU-002-BEVERAGE,2025-11-18,267.2
SKU-002-BEVERAGE,2025-11-19,247.5
SKU-002-BEVERAGE,2025-11-20,233.3
SKU-002-BEVERAGE,2025-11-21,195.2
SKU-002-BEVERAGE,2025-11-22,229.9
SKU-002-BEVERAGE,2025-11-23,308.0
SKU-002-BEVERAGE,2025-11-24,284.7
SKU-002-BEVERAGE,2025-11-25,271.1
SKU-002-BEVERAGE,2025-11-26,233.8
SKU-002-BEVERAGE,2025-11-27,251.8
SKU-002-BEVERAGE,2025-11-28,234.1
SKU-002-BEVERAGE,2025-11-29,261.3
SKU-002-BEVERAGE,2025-11-30,309.4
SKU-002-BEVERAGE,2025-12-01,314.0
SKU-002-BEVERAGE,2025-12-02,308.0
SKU-002-BEVERAGE,2025-12-03,257.0
SKU-002-BEVERAGE,2025-12-04,237.5
SKU-002-BEVERAGE,2025-12-05,230.7
SKU-002-BEVERAGE,2025-12-06,257.5
SKU-002-BEVERAGE,2025-12-07,257.9
SKU-002-BEVERAGE,2025-12-08,292.5
SKU-002-BEVERAGE,2025-12-09,277.0
SKU-002-BEVERAGE,2025-12-10,238.7
SKU-002-BEVERAGE,2025-12-11,221.2
SKU-002-BEVERAGE,2025-12-12,252.4
SKU-002-BEVERAGE,2025-12-13,262.4
SKU-002-BEVERAGE,2025-12-14,281.4
SKU-002-BEVERAGE,2025-12-15,303.1
SKU-002-BEVERAGE,2025-12-16,309.9
SKU-002-BEVERAGE,2025-12-17,229.4
SKU-002-BEVERAGE,2025-12-18,230.0
SKU-002-BEVERAGE,2025-12-19,250.8
SKU-002-BEVERAGE,2025-12-20,279.1
SKU-002-BEVERAGE,2025-12-21,297.4
SKU-002-BEVERAGE,2025-12-22,308.6
SKU-002-BEVERAGE,2025-12-23,253.3
SKU-002-BEVERAGE,2025-12-24,240.2
SKU-002-BEVERAGE,2025-12-25,224.1
SKU-002-BEVERAGE,2025-12-26,229.6
SKU-002-BEVERAGE,2025-12-27,256.1
SKU-002-BEVERAGE,2025-12-28,241.8
SKU-002-BEVERAGE,2025-12-29,291.2
SKU-002-BEVERAGE,2025-12-30,293.5
SKU-003-SEASONAL-DECOR,2024-01-01,0.0
SKU-003-SEASONAL-DECOR,2024-01-02,0.0
SKU-003-SEASONAL-DECOR,2024-01-03,0.0
SKU-003-SEASONAL-DECOR,2024-01-04,0.0
SKU-003-SEASONAL-DECOR,2024-01-05,0.0
SKU-003-SEASONAL-DECOR,2024-01-06,0.0
SKU-003-SEASONAL-DECOR,2024-01-07,0.0
SKU-003-SEASONAL-DECOR,2024-01-08,0.0
SKU-003-SEASONAL-DECOR,2024-01-09,0.0
SKU-003-SEASONAL-DECOR,2024-01-10,0.0
SKU-003-SEASONAL-DECOR,2024-01-11,0.0
SKU-003-SEASONAL-DECOR,2024-01-12,0.0
SKU-003-SEASONAL-DECOR,2024-01-13,0.0
SKU-003-SEASONAL-DECOR,2024-01-14,0.0
SKU-003-SEASONAL-DECOR,2024-01-15,0.0
SKU-003-SEASONAL-DECOR,2024-01-16,0.6
SKU-003-SEASONAL-DECOR,2024-01-17,0.0
SKU-003-SEASONAL-DECOR,2024-01-18,0.0
SKU-003-SEASONAL-DECOR,2024-01-19,0.0
SKU-003-SEASONAL-DECOR,2024-01-20,0.0
SKU-003-SEASONAL-DECOR,2024-01-21,0.0
SKU-003-SEASONAL-DECOR,2024-01-22,11.8
SKU-003-SEASONAL-DECOR,2024-01-23,1.3
SKU-003-SEASONAL-DECOR,2024-01-24,0.0
SKU-003-SEASONAL-DECOR,2024-01-25,0.0
SKU-003-SEASONAL-DECOR,2024-01-26,0.0
SKU-003-SEASONAL-DECOR,2024-01-27,0.0
SKU-003-SEASONAL-DECOR,2024-01-28,0.0
SKU-003-SEASONAL-DECOR,2024-01-29,9.1
SKU-003-SEASONAL-DECOR,2024-01-30,25.8
SKU-003-SEASONAL-DECOR,2024-01-31,0.0
SKU-003-SEASONAL-DECOR,2024-02-01,0.0
SKU-003-SEASONAL-DECOR,2024-02-02,0.0
SKU-003-SEASONAL-DECOR,2024-02-03,0.0
SKU-003-SEASONAL-DECOR,2024-02-04,23.2
SKU-003-SEASONAL-DECOR,2024-02-05,26.6
SKU-003-SEASONAL-DECOR,2024-02-06,35.0
SKU-003-SEASONAL-DECOR,2024-02-07,4.7
SKU-003-SEASONAL-DECOR,2024-02-08,5.4
SKU-003-SEASONAL-DECOR,2024-02-09,2.7
SKU-003-SEASONAL-DECOR,2024-02-10,11.9
SKU-003-SEASONAL-DECOR,2024-02-11,43.7
SKU-003-SEASONAL-DECOR,2024-02-12,34.1
SKU-003-SEASONAL-DECOR,2024-02-13,31.6
SKU-003-SEASONAL-DECOR,2024-02-14,53.9
SKU-003-SEASONAL-DECOR,2024-02-15,19.3
SKU-003-SEASONAL-DECOR,2024-02-16,19.3
SKU-003-SEASONAL-DECOR,2024-02-17,37.8
SKU-003-SEASONAL-DECOR,2024-02-18,38.2
SKU-003-SEASONAL-DECOR,2024-02-19,60.5
SKU-003-SEASONAL-DECOR,2024-02-20,42.7
SKU-003-SEASONAL-DECOR,2024-02-21,39.6
SKU-003-SEASONAL-DECOR,2024-02-22,30.2
SKU-003-SEASONAL-DECOR,2024-02-23,50.8
SKU-003-SEASONAL-DECOR,2024-02-24,55.6
SKU-003-SEASONAL-DECOR,2024-02-25,83.0
SKU-003-SEASONAL-DECOR,2024-02-26,90.1
SKU-003-SEASONAL-DECOR,2024-02-27,64.0
SKU-003-SEASONAL-DECOR,2024-02-28,66.1
SKU-003-SEASONAL-DECOR,2024-02-29,48.1
SKU-003-SEASONAL-DECOR,2024-03-01,47.6
SKU-003-SEASONAL-DECOR,2024-03-02,77.9
SKU-003-SEASONAL-DECOR,2024-03-03,95.5
SKU-003-SEASONAL-DECOR,2024-03-04,91.3
SKU-003-SEASONAL-DECOR,2024-03-05,91.0
SKU-003-SEASONAL-DECOR,2024-03-06,80.5
SKU-003-SEASONAL-DECOR,2024-03-07,72.5
SKU-003-SEASONAL-DECOR,2024-03-08,74.3
SKU-003-SEASONAL-DECOR,2024-03-09,72.7
SKU-003-SEASONAL-DECOR,2024-03-10,104.3
SKU-003-SEASONAL-DECOR,2024-03-11,100.1
SKU-003-SEASONAL-DECOR,2024-03-12,92.7
SKU-003-SEASONAL-DECOR,2024-03-13,93.2
SKU-003-SEASONAL-DECOR,2024-03-14,89.0
SKU-003-SEASONAL-DECOR,2024-03-15,96.2
SKU-003-SEASONAL-DECOR,2024-03-16,103.6
SKU-003-SEASONAL-DECOR,2024-03-17,118.0
SKU-003-SEASONAL-DECOR,2024-03-18,117.3
SKU-003-SEASONAL-DECOR,2024-03-19,125.5
SKU-003-SEASONAL-DECOR,2024-03-20,113.6
SKU-003-SEASONAL-DECOR,2024-03-21,106.1
SKU-003-SEASONAL-DECOR,2024-03-22,97.1
SKU-003-SEASONAL-DECOR,2024-03-23,133.6
SKU-003-SEASONAL-DECOR,2024-03-24,139.4
SKU-003-SEASONAL-DECOR,2024-03-25,147.4
SKU-003-SEASONAL-DECOR,2024-03-26,139.1
SKU-003-SEASONAL-DECOR,2024-03-27,125.2
SKU-003-SEASONAL-DECOR,2024-03-28,129.0
SKU-003-SEASONAL-DECOR,2024-03-29,107.8
SKU-003-SEASONAL-DECOR,2024-03-30,128.3
SKU-003-SEASONAL-DECOR,2024-03-31,145.1
SKU-003-SEASONAL-DECOR,2024-04-01,162.5
SKU-003-SEASONAL-DECOR,2024-04-02,151.1
SKU-003-SEASONAL-DECOR,2024-04-03,158.3
SKU-003-SEASONAL-DECOR,2024-04-04,117.9
SKU-003-SEASONAL-DECOR,2024-04-05,152.5
SKU-003-SEASONAL-DECOR,2024-04-06,151.8
SKU-003-SEASONAL-DECOR,2024-04-07,173.0
SKU-003-SEASONAL-DECOR,2024-04-08,167.1
SKU-003-SEASONAL-DECOR,2024-04-09,180.0
SKU-003-SEASONAL-DECOR,2024-04-10,156.0
SKU-003-SEASONAL-DECOR,2024-04-11,153.2
SKU-003-SEASONAL-DECOR,2024-04-12,136.9
SKU-003-SEASONAL-DECOR,2024-04-13,168.9
SKU-003-SEASONAL-DECOR,2024-04-14,179.5
SKU-003-SEASONAL-DECOR,2024-04-15,167.9
SKU-003-SEASONAL-DECOR,2024-04-16,182.9
SKU-003-SEASONAL-DECOR,2024-04-17,170.3
SKU-003-SEASONAL-DECOR,2024-04-18,172.9
SKU-003-SEASONAL-DECOR,2024-04-19,158.9
SKU-003-SEASONAL-DECOR,2024-04-20,179.0
SKU-003-SEASONAL-DECOR,2024-04-21,204.8
SKU-003-SEASONAL-DECOR,2024-04-22,191.4
SKU-003-SEASONAL-DECOR,2024-04-23,216.0
SKU-003-SEASONAL-DECOR,2024-04-24,188.9
SKU-003-SEASONAL-DECOR,2024-04-25,175.2
SKU-003-SEASONAL-DECOR,2024-04-26,164.6
SKU-003-SEASONAL-DECOR,2024-04-27,171.7
SKU-003-SEASONAL-DECOR,2024-04-28,213.7
SKU-003-SEASONAL-DECOR,2024-04-29,207.5
SKU-003-SEASONAL-DECOR,2024-04-30,202.7
SKU-003-SEASONAL-DECOR,2024-05-01,208.7
SKU-003-SEASONAL-DECOR,2024-05-02,195.7
SKU-003-SEASONAL-DECOR,2024-05-03,190.7
SKU-003-SEASONAL-DECOR,2024-05-04,185.8
SKU-003-SEASONAL-DECOR,2024-05-05,195.2
SKU-003-SEASONAL-DECOR,2024-05-06,232.2
SKU-003-SEASONAL-DECOR,2024-05-07,218.8
SKU-003-SEASONAL-DECOR,2024-05-08,205.5
SKU-003-SEASONAL-DECOR,2024-05-09,217.9
SKU-003-SEASONAL-DECOR,2024-05-10,194.8
SKU-003-SEASONAL-DECOR,2024-05-11,213.5
SKU-003-SEASONAL-DECOR,2024-05-12,245.6
SKU-003-SEASONAL-DECOR,2024-05-13,237.7
SKU-003-SEASONAL-DECOR,2024-05-14,222.4
SKU-003-SEASONAL-DECOR,2024-05-15,208.0
SKU-003-SEASONAL-DECOR,2024-05-16,219.1
SKU-003-SEASONAL-DECOR,2024-05-17,194.5
SKU-003-SEASONAL-DECOR,2024-05-18,225.9
SKU-003-SEASONAL-DECOR,2024-05-19,247.6
SKU-003-SEASONAL-DECOR,2024-05-20,237.7
SKU-003-SEASONAL-DECOR,2024-05-21,243.0
SKU-003-SEASONAL-DECOR,2024-05-22,223.8
SKU-003-SEASONAL-DECOR,2024-05-23,227.4
SKU-003-SEASONAL-DECOR,2024-05-24,215.8
SKU-003-SEASONAL-DECOR,2024-05-25,216.3
SKU-003-SEASONAL-DECOR,2024-05-26,240.4
SKU-003-SEASONAL-DECOR,2024-05-27,245.4
SKU-003-SEASONAL-DECOR,2024-05-28,233.5
SKU-003-SEASONAL-DECOR,2024-05-29,225.4
SKU-003-SEASONAL-DECOR,2024-05-30,205.4
SKU-003-SEASONAL-DECOR,2024-05-31,208.6
SKU-003-SEASONAL-DECOR,2024-06-01,233.5
SKU-003-SEASONAL-DECOR,2024-06-02,221.8
SKU-003-SEASONAL-DECOR,2024-06-03,249.9
SKU-003-SEASONAL-DECOR,2024-06-04,242.7
SKU-003-SEASONAL-DECOR,2024-06-05,224.5
SKU-003-SEASONAL-DECOR,2024-06-06,234.0
SKU-003-SEASONAL-DECOR,2024-06-07,226.1
SKU-003-SEASONAL-DECOR,2024-06-08,222.9
SKU-003-SEASONAL-DECOR,2024-06-09,243.8
SKU-003-SEASONAL-DECOR,2024-06-10,257.5
SKU-003-SEASONAL-DECOR,2024-06-11,227.7
SKU-003-SEASONAL-DECOR,2024-06-12,233.1
SKU-003-SEASONAL-DECOR,2024-06-13,217.7
SKU-003-SEASONAL-DECOR,2024-06-14,223.1
SKU-003-SEASONAL-DECOR,2024-06-15,249.7
SKU-003-SEASONAL-DECOR,2024-06-16,234.7
SKU-003-SEASONAL-DECOR,2024-06-17,244.0
SKU-003-SEASONAL-DECOR,2024-06-18,230.3
SKU-003-SEASONAL-DECOR,2024-06-19,231.7
SKU-003-SEASONAL-DECOR,2024-06-20,224.7
SKU-003-SEASONAL-DECOR,2024-06-21,192.4
SKU-003-SEASONAL-DECOR,2024-06-22,241.0
SKU-003-SEASONAL-DECOR,2024-06-23,254.7
SKU-003-SEASONAL-DECOR,2024-06-24,217.7
SKU-003-SEASONAL-DECOR,2024-06-25,224.0
SKU-003-SEASONAL-DECOR,2024-06-26,230.9
SKU-003-SEASONAL-DECOR,2024-06-27,215.7
SKU-003-SEASONAL-DECOR,2024-06-28,225.0
SKU-003-SEASONAL-DECOR,2024-06-29,219.2
SKU-003-SEASONAL-DECOR,2024-06-30,247.2
SKU-003-SEASONAL-DECOR,2024-07-01,226.1
SKU-003-SEASONAL-DECOR,2024-07-02,238.4
SKU-003-SEASONAL-DECOR,2024-07-03,216.5
SKU-003-SEASONAL-DECOR,2024-07-04,204.5
SKU-003-SEASONAL-DECOR,2024-07-05,189.6
SKU-003-SEASONAL-DECOR,2024-07-06,211.9
SKU-003-SEASONAL-DECOR,2024-07-07,241.6
SKU-003-SEASONAL-DECOR,2024-07-08,226.7
SKU-003-SEASONAL-DECOR,2024-07-09,225.0
SKU-003-SEASONAL-DECOR,2024-07-10,215.0
SKU-003-SEASONAL-DECOR,2024-07-11,192.1
SKU-003-SEASONAL-DECOR,2024-07-12,202.4
SKU-003-SEASONAL-DECOR,2024-07-13,213.7
SKU-003-SEASONAL-DECOR,2024-07-14,217.2
SKU-003-SEASONAL-DECOR,2024-07-15,206.1
SKU-003-SEASONAL-DECOR,2024-07-16,234.0
SKU-003-SEASONAL-DECOR,2024-07-17,205.3
SKU-003-SEASONAL-DECOR,2024-07-18,192.4
SKU-003-SEASONAL-DECOR,2024-07-19,188.1
SKU-003-SEASONAL-DECOR,2024-07-20,192.4
SKU-003-SEASONAL-DECOR,2024-07-21,193.0
SKU-003-SEASONAL-DECOR,2024-07-22,214.1
SKU-003-SEASONAL-DECOR,2024-07-23,209.7
SKU-003-SEASONAL-DECOR,2024-07-24,204.1
SKU-003-SEASONAL-DECOR,2024-07-25,198.2
SKU-003-SEASONAL-DECOR,2024-07-26,171.9
SKU-003-SEASONAL-DECOR,2024-07-27,203.3
SKU-003-SEASONAL-DECOR,2024-07-28,199.1
SKU-003-SEASONAL-DECOR,2024-07-29,208.8
SKU-003-SEASONAL-DECOR,2024-07-30,186.1
SKU-003-SEASONAL-DECOR,2024-07-31,185.5
SKU-003-SEASONAL-DECOR,2024-08-01,160.0
SKU-003-SEASONAL-DECOR,2024-08-02,173.5
SKU-003-SEASONAL-DECOR,2024-08-03,161.8
SKU-003-SEASONAL-DECOR,2024-08-04,185.7
SKU-003-SEASONAL-DECOR,2024-08-05,185.7
SKU-003-SEASONAL-DECOR,2024-08-06,186.7
SKU-003-SEASONAL-DECOR,2024-08-07,171.2
SKU-003-SEASONAL-DECOR,2024-08-08,157.6
SKU-003-SEASONAL-DECOR,2024-08-09,147.9
SKU-003-SEASONAL-DECOR,2024-08-10,169.2
SKU-003-SEASONAL-DECOR,2024-08-11,177.1
SKU-003-SEASONAL-DECOR,2024-08-12,167.9
SKU-003-SEASONAL-DECOR,2024-08-13,176.3
SKU-003-SEASONAL-DECOR,2024-08-14,147.8
SKU-003-SEASONAL-DECOR,2024-08-15,142.3
SKU-003-SEASONAL-DECOR,2024-08-16,137.3
SKU-003-SEASONAL-DECOR,2024-08-17,144.8
SKU-003-SEASONAL-DECOR,2024-08-18,164.4
SKU-003-SEASONAL-DECOR,2024-08-19,142.5
SKU-003-SEASONAL-DECOR,2024-08-20,166.4
SKU-003-SEASONAL-DECOR,2024-08-21,121.1
SKU-003-SEASONAL-DECOR,2024-08-22,138.4
SKU-003-SEASONAL-DECOR,2024-08-23,128.5
SKU-003-SEASONAL-DECOR,2024-08-24,115.1
SKU-003-SEASONAL-DECOR,2024-08-25,144.3
SKU-003-SEASONAL-DECOR,2024-08-26,141.7
SKU-003-SEASONAL-DECOR,2024-08-27,125.9
SKU-003-SEASONAL-DECOR,2024-08-28,135.2
SKU-003-SEASONAL-DECOR,2024-08-29,121.3
SKU-003-SEASONAL-DECOR,2024-08-30,110.6
SKU-003-SEASONAL-DECOR,2024-08-31,130.9
SKU-003-SEASONAL-DECOR,2024-09-01,126.1
SKU-003-SEASONAL-DECOR,2024-09-02,125.9
SKU-003-SEASONAL-DECOR,2024-09-03,134.8
SKU-003-SEASONAL-DECOR,2024-09-04,99.2
SKU-003-SEASONAL-DECOR,2024-09-05,101.7
SKU-003-SEASONAL-DECOR,2024-09-06,101.6
SKU-003-SEASONAL-DECOR,2024-09-07,99.8
SKU-003-SEASONAL-DECOR,2024-09-08,109.1
SKU-003-SEASONAL-DECOR,2024-09-09,117.0
SKU-003-SEASONAL-DECOR,2024-09-10,107.4
SKU-003-SEASONAL-DECOR,2024-09-11,83.1
SKU-003-SEASONAL-DECOR,2024-09-12,40.9
SKU-003-SEASONAL-DECOR,2024-09-13,68.6
SKU-003-SEASONAL-DECOR,2024-09-14,66.1
SKU-003-SEASONAL-DECOR,2024-09-15,101.3
SKU-003-SEASONAL-DECOR,2024-09-16,90.9
SKU-003-SEASONAL-DECOR,2024-09-17,90.8
SKU-003-SEASONAL-DECOR,2024-09-18,81.1
SKU-003-SEASONAL-DECOR,2024-09-19,70.8
SKU-003-SEASONAL-DECOR,2024-09-20,47.8
SKU-003-SEASONAL-DECOR,2024-09-21,86.3
SKU-003-SEASONAL-DECOR,2024-09-22,84.3
SKU-003-SEASONAL-DECOR,2024-09-23,85.6
SKU-003-SEASONAL-DECOR,2024-09-24,62.8
SKU-003-SEASONAL-DECOR,2024-09-25,77.6
SKU-003-SEASONAL-DECOR,2024-09-26,50.9
SKU-003-SEASONAL-DECOR,2024-09-27,52.3
SKU-003-SEASONAL-DECOR,2024-09-28,45.3
SKU-003-SEASONAL-DECOR,2024-09-29,78.2
SKU-003-SEASONAL-DECOR,2024-09-30,78.1
SKU-003-SEASONAL-DECOR,2024-10-01,55.1
SKU-003-SEASONAL-DECOR,2024-10-02,61.6
SKU-003-SEASONAL-DECOR,2024-10-03,17.8
SKU-003-SEASONAL-DECOR,2024-10-04,34.2
SKU-003-SEASONAL-DECOR,2024-10-05,39.3
SKU-003-SEASONAL-DECOR,2024-10-06,50.4
SKU-003-SEASONAL-DECOR,2024-10-07,40.6
SKU-003-SEASONAL-DECOR,2024-10-08,37.1
SKU-003-SEASONAL-DECOR,2024-10-09,35.9
SKU-003-SEASONAL-DECOR,2024-10-10,24.1
SKU-003-SEASONAL-DECOR,2024-10-11,9.7
SKU-003-SEASONAL-DECOR,2024-10-12,15.1
SKU-003-SEASONAL-DECOR,2024-10-13,23.3
SKU-003-SEASONAL-DECOR,2024-10-14,46.5
SKU-003-SEASONAL-DECOR,2024-10-15,24.6
SKU-003-SEASONAL-DECOR,2024-10-16,6.2
SKU-003-SEASONAL-DECOR,2024-10-17,0.0
SKU-003-SEASONAL-DECOR,2024-10-18,0.0
SKU-003-SEASONAL-DECOR,2024-10-19,0.0
SKU-003-SEASONAL-DECOR,2024-10-20,0.0
SKU-003-SEASONAL-DECOR,2024-10-21,15.1
SKU-003-SEASONAL-DECOR,2024-10-22,9.5
SKU-003-SEASONAL-DECOR,2024-10-23,0.0
SKU-003-SEASONAL-DECOR,2024-10-24,0.0
SKU-003-SEASONAL-DECOR,2024-10-25,0.0
SKU-003-SEASONAL-DECOR,2024-10-26,0.0
SKU-003-SEASONAL-DECOR,2024-10-27,9.4
SKU-003-SEASONAL-DECOR,2024-10-28,0.0
SKU-003-SEASONAL-DECOR,2024-10-29,20.5
SKU-003-SEASONAL-DECOR,2024-10-30,0.0
SKU-003-SEASONAL-DECOR,2024-10-31,0.0
SKU-003-SEASONAL-DECOR,2024-11-01,0.0
SKU-003-SEASONAL-DECOR,2024-11-02,0.0
SKU-003-SEASONAL-DECOR,2024-11-03,0.0
SKU-003-SEASONAL-DECOR,2024-11-04,2.1
SKU-003-SEASONAL-DECOR,2024-11-05,0.0
SKU-003-SEASONAL-DECOR,2024-11-06,0.0
SKU-003-SEASONAL-DECOR,2024-11-07,0.0
SKU-003-SEASONAL-DECOR,2024-11-08,0.0
SKU-003-SEASONAL-DECOR,2024-11-09,0.0
SKU-003-SEASONAL-DECOR,2024-11-10,0.0
SKU-003-SEASONAL-DECOR,2024-11-11,0.0
SKU-003-SEASONAL-DECOR,2024-11-12,0.0
SKU-003-SEASONAL-DECOR,2024-11-13,0.0
SKU-003-SEASONAL-DECOR,2024-11-14,0.0
SKU-003-SEASONAL-DECOR,2024-11-15,0.0
SKU-003-SEASONAL-DECOR,2024-11-16,0.0
SKU-003-SEASONAL-DECOR,2024-11-17,0.0
SKU-003-SEASONAL-DECOR,2024-11-18,0.0
SKU-003-SEASONAL-DECOR,2024-11-19,0.0
SKU-003-SEASONAL-DECOR,2024-11-20,0.0
SKU-003-SEASONAL-DECOR,2024-11-21,0.0
SKU-003-SEASONAL-DECOR,2024-11-22,0.0
SKU-003-SEASONAL-DECOR,2024-11-23,0.0
SKU-003-SEASONAL-DECOR,2024-11-24,0.0
SKU-003-SEASONAL-DECOR,2024-11-25,0.0
SKU-003-SEASONAL-DECOR,2024-11-26,0.0
SKU-003-SEASONAL-DECOR,2024-11-27,0.0
SKU-003-SEASONAL-DECOR,2024-11-28,0.0
SKU-003-SEASONAL-DECOR,2024-11-29,0.0
SKU-003-SEASONAL-DECOR,2024-11-30,0.0
SKU-003-SEASONAL-DECOR,2024-12-01,0.0
SKU-003-SEASONAL-DECOR,2024-12-02,0.0
SKU-003-SEASONAL-DECOR,2024-12-03,0.0
SKU-003-SEASONAL-DECOR,2024-12-04,0.0
SKU-003-SEASONAL-DECOR,2024-12-05,0.0
SKU-003-SEASONAL-DECOR,2024-12-06,0.0
SKU-003-SEASONAL-DECOR,2024-12-07,0.0
SKU-003-SEASONAL-DECOR,2024-12-08,0.0
SKU-003-SEASONAL-DECOR,2024-12-09,0.0
SKU-003-SEASONAL-DECOR,2024-12-10,0.0
SKU-003-SEASONAL-DECOR,2024-12-11,0.0
SKU-003-SEASONAL-DECOR,2024-12-12,0.0
SKU-003-SEASONAL-DECOR,2024-12-13,0.0
SKU-003-SEASONAL-DECOR,2024-12-14,0.0
SKU-003-SEASONAL-DECOR,2024-12-15,0.0
SKU-003-SEASONAL-DECOR,2024-12-16,0.0
SKU-003-SEASONAL-DECOR,2024-12-17,0.0
SKU-003-SEASONAL-DECOR,2024-12-18,0.0
SKU-003-SEASONAL-DECOR,2024-12-19,0.0
SKU-003-SEASONAL-DECOR,2024-12-20,0.0
SKU-003-SEASONAL-DECOR,2024-12-21,0.0
SKU-003-SEASONAL-DECOR,2024-12-22,0.0
SKU-003-SEASONAL-DECOR,2024-12-23,0.0
SKU-003-SEASONAL-DECOR,2024-12-24,0.0
SKU-003-SEASONAL-DECOR,2024-12-25,0.0
SKU-003-SEASONAL-DECOR,2024-12-26,0.0
SKU-003-SEASONAL-DECOR,2024-12-27,0.0
SKU-003-SEASONAL-DECOR,2024-12-28,0.0
SKU-003-SEASONAL-DECOR,2024-12-29,0.0
SKU-003-SEASONAL-DECOR,2024-12-30,5.2
SKU-003-SEASONAL-DECOR,2024-12-31,0.0
SKU-003-SEASONAL-DECOR,2025-01-01,0.0
SKU-003-SEASONAL-DECOR,2025-01-02,0.0
SKU-003-SEASONAL-DECOR,2025-01-03,0.0
SKU-003-SEASONAL-DECOR,2025-01-04,0.0
SKU-003-SEASONAL-DECOR,2025-01-05,0.0
SKU-003-SEASONAL-DECOR,2025-01-06,0.0
SKU-003-SEASONAL-DECOR,2025-01-07,0.0
SKU-003-SEASONAL-DECOR,2025-01-08,0.0
SKU-003-SEASONAL-DECOR,2025-01-09,0.0
SKU-003-SEASONAL-DECOR,2025-01-10,0.0
SKU-003-SEASONAL-DECOR,2025-01-11,0.0
SKU-003-SEASONAL-DECOR,2025-01-12,3.2
SKU-003-SEASONAL-DECOR,2025-01-13,0.0
SKU-003-SEASONAL-DECOR,2025-01-14,0.0
SKU-003-SEASONAL-DECOR,2025-01-15,0.0
SKU-003-SEASONAL-DECOR,2025-01-16,0.0
SKU-003-SEASONAL-DECOR,2025-01-17,0.0
SKU-003-SEASONAL-DECOR,2025-01-18,0.0
SKU-003-SEASONAL-DECOR,2025-01-19,0.0
SKU-003-SEASONAL-DECOR,2025-01-20,7.1
SKU-003-SEASONAL-DECOR,2025-01-21,0.0
SKU-003-SEASONAL-DECOR,2025-01-22,0.0
SKU-003-SEASONAL-DECOR,2025-01-23,3.7
SKU-003-SEASONAL-DECOR,2025-01-24,0.0
SKU-003-SEASONAL-DECOR,2025-01-25,0.8
SKU-003-SEASONAL-DECOR,2025-01-26,0.0
SKU-003-SEASONAL-DECOR,2025-01-27,17.5
SKU-003-SEASONAL-DECOR,2025-01-28,12.7
SKU-003-SEASONAL-DECOR,2025-01-29,19.4
SKU-003-SEASONAL-DECOR,2025-01-30,0.0
SKU-003-SEASONAL-DECOR,2025-01-31,0.0
SKU-003-SEASONAL-DECOR,2025-02-01,0.0
SKU-003-SEASONAL-DECOR,2025-02-02,26.2
SKU-003-SEASONAL-DECOR,2025-02-03,40.4
SKU-003-SEASONAL-DECOR,2025-02-04,49.0
SKU-003-SEASONAL-DECOR,2025-02-05,39.7
SKU-003-SEASONAL-DECOR,2025-02-06,0.0
SKU-003-SEASONAL-DECOR,2025-02-07,9.6
SKU-003-SEASONAL-DECOR,2025-02-08,10.2
SKU-003-SEASONAL-DECOR,2025-02-09,40.3
SKU-003-SEASONAL-DECOR,2025-02-10,54.1
SKU-003-SEASONAL-DECOR,2025-02-11,25.0
SKU-003-SEASONAL-DECOR,2025-02-12,41.7
SKU-003-SEASONAL-DECOR,2025-02-13,31.8
SKU-003-SEASONAL-DECOR,2025-02-14,23.3
SKU-003-SEASONAL-DECOR,2025-02-15,31.6
SKU-003-SEASONAL-DECOR,2025-02-16,69.4
SKU-003-SEASONAL-DECOR,2025-02-17,59.9
SKU-003-SEASONAL-DECOR,2025-02-18,48.0
SKU-003-SEASONAL-DECOR,2025-02-19,49.9
SKU-003-SEASONAL-DECOR,2025-02-20,50.7
SKU-003-SEASONAL-DECOR,2025-02-21,48.6
SKU-003-SEASONAL-DECOR,2025-02-22,33.9
SKU-003-SEASONAL-DECOR,2025-02-23,55.1
SKU-003-SEASONAL-DECOR,2025-02-24,73.4
SKU-003-SEASONAL-DECOR,2025-02-25,76.6
SKU-003-SEASONAL-DECOR,2025-02-26,66.5
SKU-003-SEASONAL-DECOR,2025-02-27,44.1
SKU-003-SEASONAL-DECOR,2025-02-28,67.3
SKU-003-SEASONAL-DECOR,2025-03-01,74.8
SKU-003-SEASONAL-DECOR,2025-03-02,69.5
SKU-003-SEASONAL-DECOR,2025-03-03,84.6
SKU-003-SEASONAL-DECOR,2025-03-04,90.7
SKU-003-SEASONAL-DECOR,2025-03-05,66.5
SKU-003-SEASONAL-DECOR,2025-03-06,73.8
SKU-003-SEASONAL-DECOR,2025-03-07,76.7
SKU-003-SEASONAL-DECOR,2025-03-08,82.6
SKU-003-SEASONAL-DECOR,2025-03-09,108.1
SKU-003-SEASONAL-DECOR,2025-03-10,129.4
SKU-003-SEASONAL-DECOR,2025-03-11,102.2
SKU-003-SEASONAL-DECOR,2025-03-12,103.6
SKU-003-SEASONAL-DECOR,2025-03-13,86.0
SKU-003-SEASONAL-DECOR,2025-03-14,107.4
SKU-003-SEASONAL-DECOR,2025-03-15,116.6
SKU-003-SEASONAL-DECOR,2025-03-16,119.3
SKU-003-SEASONAL-DECOR,2025-03-17,122.0
SKU-003-SEASONAL-DECOR,2025-03-18,133.7
SKU-003-SEASONAL-DECOR,2025-03-19,115.1
SKU-003-SEASONAL-DECOR,2025-03-20,95.1
SKU-003-SEASONAL-DECOR,2025-03-21,98.8
SKU-003-SEASONAL-DECOR,2025-03-22,119.2
SKU-003-SEASONAL-DECOR,2025-03-23,157.9
SKU-003-SEASONAL-DECOR,2025-03-24,155.9
SKU-003-SEASONAL-DECOR,2025-03-25,156.4
SKU-003-SEASONAL-DECOR,2025-03-26,141.9
SKU-003-SEASONAL-DECOR,2025-03-27,137.9
SKU-003-SEASONAL-DECOR,2025-03-28,140.6
SKU-003-SEASONAL-DECOR,2025-03-29,126.3
SKU-003-SEASONAL-DECOR,2025-03-30,158.7
SKU-003-SEASONAL-DECOR,2025-03-31,167.6
SKU-003-SEASONAL-DECOR,2025-04-01,163.8
SKU-003-SEASONAL-DECOR,2025-04-02,152.8
SKU-003-SEASONAL-DECOR,2025-04-03,114.8
SKU-003-SEASONAL-DECOR,2025-04-04,143.3
SKU-003-SEASONAL-DECOR,2025-04-05,139.6
SKU-003-SEASONAL-DECOR,2025-04-06,177.9
SKU-003-SEASONAL-DECOR,2025-04-07,171.7
SKU-003-SEASONAL-DECOR,2025-04-08,171.5
SKU-003-SEASONAL-DECOR,2025-04-09,163.4
SKU-003-SEASONAL-DECOR,2025-04-10,134.8
SKU-003-SEASONAL-DECOR,2025-04-11,154.8
SKU-003-SEASONAL-DECOR,2025-04-12,155.5
SKU-003-SEASONAL-DECOR,2025-04-13,192.7
SKU-003-SEASONAL-DECOR,2025-04-14,186.3
SKU-003-SEASONAL-DECOR,2025-04-15,177.4
SKU-003-SEASONAL-DECOR,2025-04-16,190.8
SKU-003-SEASONAL-DECOR,2025-04-17,166.6
SKU-003-SEASONAL-DECOR,2025-04-18,160.8
SKU-003-SEASONAL-DECOR,2025-04-19,181.0
SKU-003-SEASONAL-DECOR,2025-04-20,194.9
SKU-003-SEASONAL-DECOR,2025-04-21,207.5
SKU-003-SEASONAL-DECOR,2025-04-22,192.1
SKU-003-SEASONAL-DECOR,2025-04-23,202.3
SKU-003-SEASONAL-DECOR,2025-04-24,185.9
SKU-003-SEASONAL-DECOR,2025-04-25,199.8
SKU-003-SEASONAL-DECOR,2025-04-26,200.4
SKU-003-SEASONAL-DECOR,2025-04-27,199.5
SKU-003-SEASONAL-DECOR,2025-04-28,228.1
SKU-003-SEASONAL-DECOR,2025-04-29,211.7
SKU-003-SEASONAL-DECOR,2025-04-30,204.5
SKU-003-SEASONAL-DECOR,2025-05-01,169.7
SKU-003-SEASONAL-DECOR,2025-05-02,182.4
SKU-003-SEASONAL-DECOR,2025-05-03,219.8
SKU-003-SEASONAL-DECOR,2025-05-04,231.5
SKU-003-SEASONAL-DECOR,2025-05-05,210.7
SKU-003-SEASONAL-DECOR,2025-05-06,228.3
SKU-003-SEASONAL-DECOR,2025-05-07,217.3
SKU-003-SEASONAL-DECOR,2025-05-08,217.0
SKU-003-SEASONAL-DECOR,2025-05-09,194.0
SKU-003-SEASONAL-DECOR,2025-05-10,198.3
SKU-003-SEASONAL-DECOR,2025-05-11,233.0
SKU-003-SEASONAL-DECOR,2025-05-12,230.9
SKU-003-SEASONAL-DECOR,2025-05-13,228.0
SKU-003-SEASONAL-DECOR,2025-05-14,213.6
SKU-003-SEASONAL-DECOR,2025-05-15,225.4
SKU-003-SEASONAL-DECOR,2025-05-16,204.4
SKU-003-SEASONAL-DECOR,2025-05-17,233.4
SKU-003-SEASONAL-DECOR,2025-05-18,243.7
SKU-003-SEASONAL-DECOR,2025-05-19,238.4
SKU-003-SEASONAL-DECOR,2025-05-20,250.9
SKU-003-SEASONAL-DECOR,2025-05-21,242.2
SKU-003-SEASONAL-DECOR,2025-05-22,223.2
SKU-003-SEASONAL-DECOR,2025-05-23,217.1
SKU-003-SEASONAL-DECOR,2025-05-24,237.4
SKU-003-SEASONAL-DECOR,2025-05-25,235.9
SKU-003-SEASONAL-DECOR,2025-05-26,255.5
SKU-003-SEASONAL-DECOR,2025-05-27,261.7
SKU-003-SEASONAL-DECOR,2025-05-28,221.0
SKU-003-SEASONAL-DECOR,2025-05-29,206.2
SKU-003-SEASONAL-DECOR,2025-05-30,231.2
SKU-003-SEASONAL-DECOR,2025-05-31,225.1
SKU-003-SEASONAL-DECOR,2025-06-01,242.6
SKU-003-SEASONAL-DECOR,2025-06-02,255.5
SKU-003-SEASONAL-DECOR,2025-06-03,243.4
SKU-003-SEASONAL-DECOR,2025-06-04,238.7
SKU-003-SEASONAL-DECOR,2025-06-05,217.1
SKU-003-SEASONAL-DECOR,2025-06-06,220.9
SKU-003-SEASONAL-DECOR,2025-06-07,235.1
SKU-003-SEASONAL-DECOR,2025-06-08,254.5
SKU-003-SEASONAL-DECOR,2025-06-09,251.4
SKU-003-SEASONAL-DECOR,2025-06-10,254.2
SKU-003-SEASONAL-DECOR,2025-06-11,244.4
SKU-003-SEASONAL-DECOR,2025-06-12,232.7
SKU-003-SEASONAL-DECOR,2025-06-13,225.5
SKU-003-SEASONAL-DECOR,2025-06-14,249.2
SKU-003-SEASONAL-DECOR,2025-06-15,241.1
SKU-003-SEASONAL-DECOR,2025-06-16,265.6
SKU-003-SEASONAL-DECOR,2025-06-17,260.0
SKU-003-SEASONAL-DECOR,2025-06-18,246.3
SKU-003-SEASONAL-DECOR,2025-06-19,221.2
SKU-003-SEASONAL-DECOR,2025-06-20,234.7
SKU-003-SEASONAL-DECOR,2025-06-21,239.0
SKU-003-SEASONAL-DECOR,2025-06-22,235.4
SKU-003-SEASONAL-DECOR,2025-06-23,249.5
SKU-003-SEASONAL-DECOR,2025-06-24,234.2
SKU-003-SEASONAL-DECOR,2025-06-25,238.1
SKU-003-SEASONAL-DECOR,2025-06-26,237.0
SKU-003-SEASONAL-DECOR,2025-06-27,230.7
SKU-003-SEASONAL-DECOR,2025-06-28,220.3
SKU-003-SEASONAL-DECOR,2025-06-29,232.4
SKU-003-SEASONAL-DECOR,2025-06-30,246.3
SKU-003-SEASONAL-DECOR,2025-07-01,241.1
SKU-003-SEASONAL-DECOR,2025-07-02,236.7
SKU-003-SEASONAL-DECOR,2025-07-03,214.5
SKU-003-SEASONAL-DECOR,2025-07-04,227.1
SKU-003-SEASONAL-DECOR,2025-07-05,219.2
SKU-003-SEASONAL-DECOR,2025-07-06,246.7
SKU-003-SEASONAL-DECOR,2025-07-07,227.3
SKU-003-SEASONAL-DECOR,2025-07-08,230.4
SKU-003-SEASONAL-DECOR,2025-07-09,222.8
SKU-003-SEASONAL-DECOR,2025-07-10,218.8
SKU-003-SEASONAL-DECOR,2025-07-11,213.7
SKU-003-SEASONAL-DECOR,2025-07-12,208.2
SKU-003-SEASONAL-DECOR,2025-07-13,215.5
SKU-003-SEASONAL-DECOR,2025-07-14,233.4
SKU-003-SEASONAL-DECOR,2025-07-15,226.7
SKU-003-SEASONAL-DECOR,2025-07-16,209.8
SKU-003-SEASONAL-DECOR,2025-07-17,201.4
SKU-003-SEASONAL-DECOR,2025-07-18,186.0
SKU-003-SEASONAL-DECOR,2025-07-19,212.5
SKU-003-SEASONAL-DECOR,2025-07-20,228.7
SKU-003-SEASONAL-DECOR,2025-07-21,214.9
SKU-003-SEASONAL-DECOR,2025-07-22,208.9
SKU-003-SEASONAL-DECOR,2025-07-23,215.6
SKU-003-SEASONAL-DECOR,2025-07-24,201.7
SKU-003-SEASONAL-DECOR,2025-07-25,180.5
SKU-003-SEASONAL-DECOR,2025-07-26,189.6
SKU-003-SEASONAL-DECOR,2025-07-27,190.1
SKU-003-SEASONAL-DECOR,2025-07-28,217.2
SKU-003-SEASONAL-DECOR,2025-07-29,207.7
SKU-003-SEASONAL-DECOR,2025-07-30,191.8
SKU-003-SEASONAL-DECOR,2025-07-31,201.5
SKU-003-SEASONAL-DECOR,2025-08-01,174.4
SKU-003-SEASONAL-DECOR,2025-08-02,182.7
SKU-003-SEASONAL-DECOR,2025-08-03,197.4
SKU-003-SEASONAL-DECOR,2025-08-04,197.6
SKU-003-SEASONAL-DECOR,2025-08-05,203.8
SKU-003-SEASONAL-DECOR,2025-08-06,176.6
SKU-003-SEASONAL-DECOR,2025-08-07,166.9
SKU-003-SEASONAL-DECOR,2025-08-08,185.2
SKU-003-SEASONAL-DECOR,2025-08-09,164.5
SKU-003-SEASONAL-DECOR,2025-08-10,169.1
SKU-003-SEASONAL-DECOR,2025-08-11,187.0
SKU-003-SEASONAL-DECOR,2025-08-12,172.4
SKU-003-SEASONAL-DECOR,2025-08-13,157.7
SKU-003-SEASONAL-DECOR,2025-08-14,153.3
SKU-003-SEASONAL-DECOR,2025-08-15,156.6
SKU-003-SEASONAL-DECOR,2025-08-16,140.2
SKU-003-SEASONAL-DECOR,2025-08-17,164.1
SKU-003-SEASONAL-DECOR,2025-08-18,149.5
SKU-003-SEASONAL-DECOR,2025-08-19,172.5
SKU-003-SEASONAL-DECOR,2025-08-20,138.3
SKU-003-SEASONAL-DECOR,2025-08-21,142.0
SKU-003-SEASONAL-DECOR,2025-08-22,150.4
SKU-003-SEASONAL-DECOR,2025-08-23,153.1
SKU-003-SEASONAL-DECOR,2025-08-24,154.4
SKU-003-SEASONAL-DECOR,2025-08-25,134.5
SKU-003-SEASONAL-DECOR,2025-08-26,166.1
SKU-003-SEASONAL-DECOR,2025-08-27,128.3
SKU-003-SEASONAL-DECOR,2025-08-28,127.4
SKU-003-SEASONAL-DECOR,2025-08-29,111.1
SKU-003-SEASONAL-DECOR,2025-08-30,120.9
SKU-003-SEASONAL-DECOR,2025-08-31,150.0
SKU-003-SEASONAL-DECOR,2025-09-01,121.4
SKU-003-SEASONAL-DECOR,2025-09-02,118.4
SKU-003-SEASONAL-DECOR,2025-09-03,113.0
SKU-003-SEASONAL-DECOR,2025-09-04,113.4
SKU-003-SEASONAL-DECOR,2025-09-05,74.5
SKU-003-SEASONAL-DECOR,2025-09-06,119.3
SKU-003-SEASONAL-DECOR,2025-09-07,113.1
SKU-003-SEASONAL-DECOR,2025-09-08,128.2
SKU-003-SEASONAL-DECOR,2025-09-09,140.4
SKU-003-SEASONAL-DECOR,2025-09-10,104.4
SKU-003-SEASONAL-DECOR,2025-09-11,97.1
SKU-003-SEASONAL-DECOR,2025-09-12,96.6
SKU-003-SEASONAL-DECOR,2025-09-13,87.0
SKU-003-SEASONAL-DECOR,2025-09-14,102.0
SKU-003-SEASONAL-DECOR,2025-09-15,102.9
SKU-003-SEASONAL-DECOR,2025-09-16,99.6
SKU-003-SEASONAL-DECOR,2025-09-17,79.6
SKU-003-SEASONAL-DECOR,2025-09-18,64.3
SKU-003-SEASONAL-DECOR,2025-09-19,60.2
SKU-003-SEASONAL-DECOR,2025-09-20,81.1
SKU-003-SEASONAL-DECOR,2025-09-21,70.6
SKU-003-SEASONAL-DECOR,2025-09-22,89.1
SKU-003-SEASONAL-DECOR,2025-09-23,94.7
SKU-003-SEASONAL-DECOR,2025-09-24,52.3
SKU-003-SEASONAL-DECOR,2025-09-25,35.5
SKU-003-SEASONAL-DECOR,2025-09-26,56.7
SKU-003-SEASONAL-DECOR,2025-09-27,49.2
SKU-003-SEASONAL-DECOR,2025-09-28,60.4
SKU-003-SEASONAL-DECOR,2025-09-29,78.3
SKU-003-SEASONAL-DECOR,2025-09-30,68.0
SKU-003-SEASONAL-DECOR,2025-10-01,43.4
SKU-003-SEASONAL-DECOR,2025-10-02,34.0
SKU-003-SEASONAL-DECOR,2025-10-03,19.3
SKU-003-SEASONAL-DECOR,2025-10-04,35.7
SKU-003-SEASONAL-DECOR,2025-10-05,51.4
SKU-003-SEASONAL-DECOR,2025-10-06,62.0
SKU-003-SEASONAL-DECOR,2025-10-07,55.5
SKU-003-SEASONAL-DECOR,2025-10-08,52.4
SKU-003-SEASONAL-DECOR,2025-10-09,21.5
SKU-003-SEASONAL-DECOR,2025-10-10,29.2
SKU-003-SEASONAL-DECOR,2025-10-11,29.4
SKU-003-SEASONAL-DECOR,2025-10-12,27.7
SKU-003-SEASONAL-DECOR,2025-10-13,45.2
SKU-003-SEASONAL-DECOR,2025-10-14,38.7
SKU-003-SEASONAL-DECOR,2025-10-15,27.6
SKU-003-SEASONAL-DECOR,2025-10-16,13.1
SKU-003-SEASONAL-DECOR,2025-10-17,6.6
SKU-003-SEASONAL-DECOR,2025-10-18,4.0
SKU-003-SEASONAL-DECOR,2025-10-19,20.9
SKU-003-SEASONAL-DECOR,2025-10-20,31.5
SKU-003-SEASONAL-DECOR,2025-10-21,28.5
SKU-003-SEASONAL-DECOR,2025-10-22,15.9
SKU-003-SEASONAL-DECOR,2025-10-23,0.0
SKU-003-SEASONAL-DECOR,2025-10-24,0.0
SKU-003-SEASONAL-DECOR,2025-10-25,14.8
SKU-003-SEASONAL-DECOR,2025-10-26,13.7
SKU-003-SEASONAL-DECOR,2025-10-27,11.1
SKU-003-SEASONAL-DECOR,2025-10-28,0.0
SKU-003-SEASONAL-DECOR,2025-10-29,0.0
SKU-003-SEASONAL-DECOR,2025-10-30,0.0
SKU-003-SEASONAL-DECOR,2025-10-31,0.0
SKU-003-SEASONAL-DECOR,2025-11-01,4.1
SKU-003-SEASONAL-DECOR,2025-11-02,0.0
SKU-003-SEASONAL-DECOR,2025-11-03,2.0
SKU-003-SEASONAL-DECOR,2025-11-04,0.0
SKU-003-SEASONAL-DECOR,2025-11-05,0.0
SKU-003-SEASONAL-DECOR,2025-11-06,0.0
SKU-003-SEASONAL-DECOR,2025-11-07,0.0
SKU-003-SEASONAL-DECOR,2025-11-08,0.0
SKU-003-SEASONAL-DECOR,2025-11-09,0.0
SKU-003-SEASONAL-DECOR,2025-11-10,5.7
SKU-003-SEASONAL-DECOR,2025-11-11,3.3
SKU-003-SEASONAL-DECOR,2025-11-12,0.0
SKU-003-SEASONAL-DECOR,2025-11-13,0.0
SKU-003-SEASONAL-DECOR,2025-11-14,0.0
SKU-003-SEASONAL-DECOR,2025-11-15,0.0
SKU-003-SEASONAL-DECOR,2025-11-16,0.0
SKU-003-SEASONAL-DECOR,2025-11-17,0.0
SKU-003-SEASONAL-DECOR,2025-11-18,0.0
SKU-003-SEASONAL-DECOR,2025-11-19,0.0
SKU-003-SEASONAL-DECOR,2025-11-20,0.0
SKU-003-SEASONAL-DECOR,2025-11-21,0.0
SKU-003-SEASONAL-DECOR,2025-11-22,0.0
SKU-003-SEASONAL-DECOR,2025-11-23,0.0
SKU-003-SEASONAL-DECOR,2025-11-24,0.5
SKU-003-SEASONAL-DECOR,2025-11-25,0.0
SKU-003-SEASONAL-DECOR,2025-11-26,0.0
SKU-003-SEASONAL-DECOR,2025-11-27,0.0
SKU-003-SEASONAL-DECOR,2025-11-28,0.0
SKU-003-SEASONAL-DECOR,2025-11-29,0.0
SKU-003-SEASONAL-DECOR,2025-11-30,0.0
SKU-003-SEASONAL-DECOR,2025-12-01,0.0
SKU-003-SEASONAL-DECOR,2025-12-02,0.0
SKU-003-SEASONAL-DECOR,2025-12-03,0.0
SKU-003-SEASONAL-DECOR,2025-12-04,0.0
SKU-003-SEASONAL-DECOR,2025-12-05,0.0
SKU-003-SEASONAL-DECOR,2025-12-06,0.0
SKU-003-SEASONAL-DECOR,2025-12-07,0.0
SKU-003-SEASONAL-DECOR,2025-12-08,0.0
SKU-003-SEASONAL-DECOR,2025-12-09,0.0
SKU-003-SEASONAL-DECOR,2025-12-10,0.0
SKU-003-SEASONAL-DECOR,2025-12-11,0.0
SKU-003-SEASONAL-DECOR,2025-12-12,0.0
SKU-003-SEASONAL-DECOR,2025-12-13,0.0
SKU-003-SEASONAL-DECOR,2025-12-14,0.0
SKU-003-SEASONAL-DECOR,2025-12-15,0.0
SKU-003-SEASONAL-DECOR,2025-12-16,0.0
SKU-003-SEASONAL-DECOR,2025-12-17,0.0
SKU-003-SEASONAL-DECOR,2025-12-18,0.0
SKU-003-SEASONAL-DECOR,2025-12-19,0.0
SKU-003-SEASONAL-DECOR,2025-12-20,0.0
SKU-003-SEASONAL-DECOR,2025-12-21,0.0
SKU-003-SEASONAL-DECOR,2025-12-22,0.0
SKU-003-SEASONAL-DECOR,2025-12-23,0.0
SKU-003-SEASONAL-DECOR,2025-12-24,0.0
SKU-003-SEASONAL-DECOR,2025-12-25,0.0
SKU-003-SEASONAL-DECOR,2025-12-26,0.0
SKU-003-SEASONAL-DECOR,2025-12-27,0.0
SKU-003-SEASONAL-DECOR,2025-12-28,0.0
SKU-003-SEASONAL-DECOR,2025-12-29,0.0
SKU-003-SEASONAL-DECOR,2025-12-30,0.0
SKU-004-ELECTRONICS,2024-01-01,143.9
SKU-004-ELECTRONICS,2024-01-02,141.6
SKU-004-ELECTRONICS,2024-01-03,140.2
SKU-004-ELECTRONICS,2024-01-04,78.2
SKU-004-ELECTRONICS,2024-01-05,109.5
SKU-004-ELECTRONICS,2024-01-06,117.5
SKU-004-ELECTRONICS,2024-01-07,121.4
SKU-004-ELECTRONICS,2024-01-08,116.2
SKU-004-ELECTRONICS,2024-01-09,162.7
SKU-004-ELECTRONICS,2024-01-10,129.5
SKU-004-ELECTRONICS,2024-01-11,73.4
SKU-004-ELECTRONICS,2024-01-12,119.2
SKU-004-ELECTRONICS,2024-01-13,117.5
SKU-004-ELECTRONICS,2024-01-14,131.7
SKU-004-ELECTRONICS,2024-01-15,148.6
SKU-004-ELECTRONICS,2024-01-16,122.7
SKU-004-ELECTRONICS,2024-01-17,113.1
SKU-004-ELECTRONICS,2024-01-18,114.6
SKU-004-ELECTRONICS,2024-01-19,83.8
SKU-004-ELECTRONICS,2024-01-20,93.9
SKU-004-ELECTRONICS,2024-01-21,106.9
SKU-004-ELECTRONICS,2024-01-22,150.5
SKU-004-ELECTRONICS,2024-01-23,118.7
SKU-004-ELECTRONICS,2024-01-24,112.5
SKU-004-ELECTRONICS,2024-01-25,96.4
SKU-004-ELECTRONICS,2024-01-26,111.0
SKU-004-ELECTRONICS,2024-01-27,120.9
SKU-004-ELECTRONICS,2024-01-28,121.9
SKU-004-ELECTRONICS,2024-01-29,162.3
SKU-004-ELECTRONICS,2024-01-30,142.5
SKU-004-ELECTRONICS,2024-01-31,125.2
SKU-004-ELECTRONICS,2024-02-01,100.3
SKU-004-ELECTRONICS,2024-02-02,100.8
SKU-004-ELECTRONICS,2024-02-03,115.3
SKU-004-ELECTRONICS,2024-02-04,136.7
SKU-004-ELECTRONICS,2024-02-05,151.6
SKU-004-ELECTRONICS,2024-02-06,145.7
SKU-004-ELECTRONICS,2024-02-07,119.9
SKU-004-ELECTRONICS,2024-02-08,107.9
SKU-004-ELECTRONICS,2024-02-09,118.9
SKU-004-ELECTRONICS,2024-02-10,139.1
SKU-004-ELECTRONICS,2024-02-11,157.6
SKU-004-ELECTRONICS,2024-02-12,148.7
SKU-004-ELECTRONICS,2024-02-13,125.2
SKU-004-ELECTRONICS,2024-02-14,129.3
SKU-004-ELECTRONICS,2024-02-15,115.6
SKU-004-ELECTRONICS,2024-02-16,113.7
SKU-004-ELECTRONICS,2024-02-17,133.1
SKU-004-ELECTRONICS,2024-02-18,136.5
SKU-004-ELECTRONICS,2024-02-19,154.4
SKU-004-ELECTRONICS,2024-02-20,114.2
SKU-004-ELECTRONICS,2024-02-21,155.9
SKU-004-ELECTRONICS,2024-02-22,117.5
SKU-004-ELECTRONICS,2024-02-23,111.8
SKU-004-ELECTRONICS,2024-02-24,137.0
SKU-004-ELECTRONICS,2024-02-25,143.8
SKU-004-ELECTRONICS,2024-02-26,146.2
SKU-004-ELECTRONICS,2024-02-27,162.4
SKU-004-ELECTRONICS,2024-02-28,135.5
SKU-004-ELECTRONICS,2024-02-29,111.2
SKU-004-ELECTRONICS,2024-03-01,129.9
SKU-004-ELECTRONICS,2024-03-02,139.8
SKU-004-ELECTRONICS,2024-03-03,156.6
SKU-004-ELECTRONICS,2024-03-04,156.2
SKU-004-ELECTRONICS,2024-03-05,169.7
SKU-004-ELECTRONICS,2024-03-06,125.8
SKU-004-ELECTRONICS,2024-03-07,136.6
SKU-004-ELECTRONICS,2024-03-08,145.6
SKU-004-ELECTRONICS,2024-03-09,124.6
SKU-004-ELECTRONICS,2024-03-10,158.4
SKU-004-ELECTRONICS,2024-03-11,139.1
SKU-004-ELECTRONICS,2024-03-12,159.0
SKU-004-ELECTRONICS,2024-03-13,118.3
SKU-004-ELECTRONICS,2024-03-14,109.9
SKU-004-ELECTRONICS,2024-03-15,130.9
SKU-004-ELECTRONICS,2024-03-16,156.6
SKU-004-ELECTRONICS,2024-03-17,166.2
SKU-004-ELECTRONICS,2024-03-18,165.2
SKU-004-ELECTRONICS,2024-03-19,151.4
SKU-004-ELECTRONICS,2024-03-20,146.6
SKU-004-ELECTRONICS,2024-03-21,166.7
SKU-004-ELECTRONICS,2024-03-22,152.0
SKU-004-ELECTRONICS,2024-03-23,126.5
SKU-004-ELECTRONICS,2024-03-24,153.0
SKU-004-ELECTRONICS,2024-03-25,151.9
SKU-004-ELECTRONICS,2024-03-26,174.2
SKU-004-ELECTRONICS,2024-03-27,146.2
SKU-004-ELECTRONICS,2024-03-28,114.8
SKU-004-ELECTRONICS,2024-03-29,133.3
SKU-004-ELECTRONICS,2024-03-30,142.3
SKU-004-ELECTRONICS,2024-03-31,151.8
SKU-004-ELECTRONICS,2024-04-01,171.0
SKU-004-ELECTRONICS,2024-04-02,182.4
SKU-004-ELECTRONICS,2024-04-03,140.9
SKU-004-ELECTRONICS,2024-04-04,135.2
SKU-004-ELECTRONICS,2024-04-05,119.5
SKU-004-ELECTRONICS,2024-04-06,147.1
SKU-004-ELECTRONICS,2024-04-07,189.9
SKU-004-ELECTRONICS,2024-04-08,187.5
SKU-004-ELECTRONICS,2024-04-09,163.8
SKU-004-ELECTRONICS,2024-04-10,149.3
SKU-004-ELECTRONICS,2024-04-11,161.7
SKU-004-ELECTRONICS,2024-04-12,141.5
SKU-004-ELECTRONICS,2024-04-13,149.4
SKU-004-ELECTRONICS,2024-04-14,190.5
SKU-004-ELECTRONICS,2024-04-15,177.8
SKU-004-ELECTRONICS,2024-04-16,167.5
SKU-004-ELECTRONICS,2024-04-17,167.4
SKU-004-ELECTRONICS,2024-04-18,129.6
SKU-004-ELECTRONICS,2024-04-19,141.1
SKU-004-ELECTRONICS,2024-04-20,149.5
SKU-004-ELECTRONICS,2024-04-21,180.2
SKU-004-ELECTRONICS,2024-04-22,185.7
SKU-004-ELECTRONICS,2024-04-23,207.3
SKU-004-ELECTRONICS,2024-04-24,175.1
SKU-004-ELECTRONICS,2024-04-25,151.9
SKU-004-ELECTRONICS,2024-04-26,158.8
SKU-004-ELECTRONICS,2024-04-27,160.9
SKU-004-ELECTRONICS,2024-04-28,185.3
SKU-004-ELECTRONICS,2024-04-29,199.0
SKU-004-ELECTRONICS,2024-04-30,191.3
SKU-004-ELECTRONICS,2024-05-01,188.4
SKU-004-ELECTRONICS,2024-05-02,162.5
SKU-004-ELECTRONICS,2024-05-03,143.8
SKU-004-ELECTRONICS,2024-05-04,170.7
SKU-004-ELECTRONICS,2024-05-05,168.6
SKU-004-ELECTRONICS,2024-05-06,221.9
SKU-004-ELECTRONICS,2024-05-07,161.0
SKU-004-ELECTRONICS,2024-05-08,169.3
SKU-004-ELECTRONICS,2024-05-09,164.2
SKU-004-ELECTRONICS,2024-05-10,143.0
SKU-004-ELECTRONICS,2024-05-11,163.2
SKU-004-ELECTRONICS,2024-05-12,201.1
SKU-004-ELECTRONICS,2024-05-13,178.3
SKU-004-ELECTRONICS,2024-05-14,202.3
SKU-004-ELECTRONICS,2024-05-15,169.8
SKU-004-ELECTRONICS,2024-05-16,153.9
SKU-004-ELECTRONICS,2024-05-17,185.9
SKU-004-ELECTRONICS,2024-05-18,182.0
SKU-004-ELECTRONICS,2024-05-19,193.9
SKU-004-ELECTRONICS,2024-05-20,193.7
SKU-004-ELECTRONICS,2024-05-21,193.7
SKU-004-ELECTRONICS,2024-05-22,172.4
SKU-004-ELECTRONICS,2024-05-23,186.4
SKU-004-ELECTRONICS,2024-05-24,162.5
SKU-004-ELECTRONICS,2024-05-25,162.4
SKU-004-ELECTRONICS,2024-05-26,183.0
SKU-004-ELECTRONICS,2024-05-27,204.6
SKU-004-ELECTRONICS,2024-05-28,177.1
SKU-004-ELECTRONICS,2024-05-29,165.5
SKU-004-ELECTRONICS,2024-05-30,139.4
SKU-004-ELECTRONICS,2024-05-31,128.5
SKU-004-ELECTRONICS,2024-06-01,205.9
SKU-004-ELECTRONICS,2024-06-02,188.2
SKU-004-ELECTRONICS,2024-06-03,225.0
SKU-004-ELECTRONICS,2024-06-04,201.8
SKU-004-ELECTRONICS,2024-06-05,181.5
SKU-004-ELECTRONICS,2024-06-06,147.6
SKU-004-ELECTRONICS,2024-06-07,161.5
SKU-004-ELECTRONICS,2024-06-08,177.3
SKU-004-ELECTRONICS,2024-06-09,179.4
SKU-004-ELECTRONICS,2024-06-10,210.9
SKU-004-ELECTRONICS,2024-06-11,211.9
SKU-004-ELECTRONICS,2024-06-12,184.7
SKU-004-ELECTRONICS,2024-06-13,166.8
SKU-004-ELECTRONICS,2024-06-14,138.5
SKU-004-ELECTRONICS,2024-06-15,214.5
SKU-004-ELECTRONICS,2024-06-16,203.2
SKU-004-ELECTRONICS,2024-06-17,184.6
SKU-004-ELECTRONICS,2024-06-18,178.5
SKU-004-ELECTRONICS,2024-06-19,168.6
SKU-004-ELECTRONICS,2024-06-20,149.7
SKU-004-ELECTRONICS,2024-06-21,163.1
SKU-004-ELECTRONICS,2024-06-22,163.1
SKU-004-ELECTRONICS,2024-06-23,194.1
SKU-004-ELECTRONICS,2024-06-24,194.5
SKU-004-ELECTRONICS,2024-06-25,190.6
SKU-004-ELECTRONICS,2024-06-26,161.0
SKU-004-ELECTRONICS,2024-06-27,165.8
SKU-004-ELECTRONICS,2024-06-28,165.7
SKU-004-ELECTRONICS,2024-06-29,163.1
SKU-004-ELECTRONICS,2024-06-30,168.3
SKU-004-ELECTRONICS,2024-07-01,200.9
SKU-004-ELECTRONICS,2024-07-02,168.2
SKU-004-ELECTRONICS,2024-07-03,165.5
SKU-004-ELECTRONICS,2024-07-04,168.8
SKU-004-ELECTRONICS,2024-07-05,178.6
SKU-004-ELECTRONICS,2024-07-06,169.4
SKU-004-ELECTRONICS,2024-07-07,195.1
SKU-004-ELECTRONICS,2024-07-08,217.0
SKU-004-ELECTRONICS,2024-07-09,177.3
SKU-004-ELECTRONICS,2024-07-10,169.2
SKU-004-ELECTRONICS,2024-07-11,164.9
SKU-004-ELECTRONICS,2024-07-12,178.1
SKU-004-ELECTRONICS,2024-07-13,155.2
SKU-004-ELECTRONICS,2024-07-14,171.7
SKU-004-ELECTRONICS,2024-07-15,210.9
SKU-004-ELECTRONICS,2024-07-16,207.5
SKU-004-ELECTRONICS,2024-07-17,164.8
SKU-004-ELECTRONICS,2024-07-18,159.9
SKU-004-ELECTRONICS,2024-07-19,171.2
SKU-004-ELECTRONICS,2024-07-20,167.0
SKU-004-ELECTRONICS,2024-07-21,159.9
SKU-004-ELECTRONICS,2024-07-22,198.1
SKU-004-ELECTRONICS,2024-07-23,201.9
SKU-004-ELECTRONICS,2024-07-24,153.6
SKU-004-ELECTRONICS,2024-07-25,175.3
SKU-004-ELECTRONICS,2024-07-26,150.8
SKU-004-ELECTRONICS,2024-07-27,142.3
SKU-004-ELECTRONICS,2024-07-28,187.5
SKU-004-ELECTRONICS,2024-07-29,171.2
SKU-004-ELECTRONICS,2024-07-30,205.4
SKU-004-ELECTRONICS,2024-07-31,176.0
SKU-004-ELECTRONICS,2024-08-01,179.7
SKU-004-ELECTRONICS,2024-08-02,129.1
SKU-004-ELECTRONICS,2024-08-03,167.1
SKU-004-ELECTRONICS,2024-08-04,202.6
SKU-004-ELECTRONICS,2024-08-05,207.3
SKU-004-ELECTRONICS,2024-08-06,192.6
SKU-004-ELECTRONICS,2024-08-07,171.9
SKU-004-ELECTRONICS,2024-08-08,161.1
SKU-004-ELECTRONICS,2024-08-09,164.7
SKU-004-ELECTRONICS,2024-08-10,188.3
SKU-004-ELECTRONICS,2024-08-11,154.5
SKU-004-ELECTRONICS,2024-08-12,173.3
SKU-004-ELECTRONICS,2024-08-13,172.6
SKU-004-ELECTRONICS,2024-08-14,166.8
SKU-004-ELECTRONICS,2024-08-15,154.7
SKU-004-ELECTRONICS,2024-08-16,142.5
SKU-004-ELECTRONICS,2024-08-17,158.8
SKU-004-ELECTRONICS,2024-08-18,187.5
SKU-004-ELECTRONICS,2024-08-19,201.8
SKU-004-ELECTRONICS,2024-08-20,166.7
SKU-004-ELECTRONICS,2024-08-21,157.2
SKU-004-ELECTRONICS,2024-08-22,147.0
SKU-004-ELECTRONICS,2024-08-23,179.9
SKU-004-ELECTRONICS,2024-08-24,147.4
SKU-004-ELECTRONICS,2024-08-25,177.9
SKU-004-ELECTRONICS,2024-08-26,182.4
SKU-004-ELECTRONICS,2024-08-27,168.8
SKU-004-ELECTRONICS,2024-08-28,171.0
SKU-004-ELECTRONICS,2024-08-29,141.9
SKU-004-ELECTRONICS,2024-08-30,134.4
SKU-004-ELECTRONICS,2024-08-31,154.6
SKU-004-ELECTRONICS,2024-09-01,174.1
SKU-004-ELECTRONICS,2024-09-02,169.4
SKU-004-ELECTRONICS,2024-09-03,161.0
SKU-004-ELECTRONICS,2024-09-04,170.3
SKU-004-ELECTRONICS,2024-09-05,131.3
SKU-004-ELECTRONICS,2024-09-06,150.9
SKU-004-ELECTRONICS,2024-09-07,147.8
SKU-004-ELECTRONICS,2024-09-08,154.8
SKU-004-ELECTRONICS,2024-09-09,158.8
SKU-004-ELECTRONICS,2024-09-10,143.8
SKU-004-ELECTRONICS,2024-09-11,160.5
SKU-004-ELECTRONICS,2024-09-12,145.1
SKU-004-ELECTRONICS,2024-09-13,128.2
SKU-004-ELECTRONICS,2024-09-14,131.1
SKU-004-ELECTRONICS,2024-09-15,155.2
SKU-004-ELECTRONICS,2024-09-16,173.1
SKU-004-ELECTRONICS,2024-09-17,182.0
SKU-004-ELECTRONICS,2024-09-18,137.8
SKU-004-ELECTRONICS,2024-09-19,108.4
SKU-004-ELECTRONICS,2024-09-20,133.6
SKU-004-ELECTRONICS,2024-09-21,137.6
SKU-004-ELECTRONICS,2024-09-22,147.5
SKU-004-ELECTRONICS,2024-09-23,141.1
SKU-004-ELECTRONICS,2024-09-24,168.7
SKU-004-ELECTRONICS,2024-09-25,163.5
SKU-004-ELECTRONICS,2024-09-26,114.2
SKU-004-ELECTRONICS,2024-09-27,105.8
SKU-004-ELECTRONICS,2024-09-28,131.4
SKU-004-ELECTRONICS,2024-09-29,151.6
SKU-004-ELECTRONICS,2024-09-30,171.5
SKU-004-ELECTRONICS,2024-10-01,158.5
SKU-004-ELECTRONICS,2024-10-02,115.9
SKU-004-ELECTRONICS,2024-10-03,129.1
SKU-004-ELECTRONICS,2024-10-04,127.7
SKU-004-ELECTRONICS,2024-10-05,128.3
SKU-004-ELECTRONICS,2024-10-06,156.8
SKU-004-ELECTRONICS,2024-10-07,141.5
SKU-004-ELECTRONICS,2024-10-08,149.0
SKU-004-ELECTRONICS,2024-10-09,117.6
SKU-004-ELECTRONICS,2024-10-10,122.1
SKU-004-ELECTRONICS,2024-10-11,131.4
SKU-004-ELECTRONICS,2024-10-12,105.2
SKU-004-ELECTRONICS,2024-10-13,150.2
SKU-004-ELECTRONICS,2024-10-14,168.4
SKU-004-ELECTRONICS,2024-10-15,154.8
SKU-004-ELECTRONICS,2024-10-16,157.2
SKU-004-ELECTRONICS,2024-10-17,118.9
SKU-004-ELECTRONICS,2024-10-18,148.9
SKU-004-ELECTRONICS,2024-10-19,132.1
SKU-004-ELECTRONICS,2024-10-20,130.4
SKU-004-ELECTRONICS,2024-10-21,153.9
SKU-004-ELECTRONICS,2024-10-22,139.7
SKU-004-ELECTRONICS,2024-10-23,149.5
SKU-004-ELECTRONICS,2024-10-24,140.9
SKU-004-ELECTRONICS,2024-10-25,140.6
SKU-004-ELECTRONICS,2024-10-26,140.0
SKU-004-ELECTRONICS,2024-10-27,144.1
SKU-004-ELECTRONICS,2024-10-28,146.1
SKU-004-ELECTRONICS,2024-10-29,131.7
SKU-004-ELECTRONICS,2024-10-30,140.4
SKU-004-ELECTRONICS,2024-10-31,98.5
SKU-004-ELECTRONICS,2024-11-01,111.1
SKU-004-ELECTRONICS,2024-11-02,130.5
SKU-004-ELECTRONICS,2024-11-03,150.5
SKU-004-ELECTRONICS,2024-11-04,132.9
SKU-004-ELECTRONICS,2024-11-05,128.3
SKU-004-ELECTRONICS,2024-11-06,112.5
SKU-004-ELECTRONICS,2024-11-07,126.7
SKU-004-ELECTRONICS,2024-11-08,97.1
SKU-004-ELECTRONICS,2024-11-09,112.9
SKU-004-ELECTRONICS,2024-11-10,151.3
SKU-004-ELECTRONICS,2024-11-11,164.4
SKU-004-ELECTRONICS,2024-11-12,171.4
SKU-004-ELECTRONICS,2024-11-13,127.9
SKU-004-ELECTRONICS,2024-11-14,126.9
SKU-004-ELECTRONICS,2024-11-15,87.1
SKU-004-ELECTRONICS,2024-11-16,133.9
SKU-004-ELECTRONICS,2024-11-17,154.3
SKU-004-ELECTRONICS,2024-11-18,164.4
SKU-004-ELECTRONICS,2024-11-19,137.5
SKU-004-ELECTRONICS,2024-11-20,147.8
SKU-004-ELECTRONICS,2024-11-21,136.4
SKU-004-ELECTRONICS,2024-11-22,112.3
SKU-004-ELECTRONICS,2024-11-23,125.6
SKU-004-ELECTRONICS,2024-11-24,137.2
SKU-004-ELECTRONICS,2024-11-25,146.2
SKU-004-ELECTRONICS,2024-11-26,144.0
SKU-004-ELECTRONICS,2024-11-27,109.2
SKU-004-ELECTRONICS,2024-11-28,93.6
SKU-004-ELECTRONICS,2024-11-29,107.7
SKU-004-ELECTRONICS,2024-11-30,116.9
SKU-004-ELECTRONICS,2024-12-01,155.0
SKU-004-ELECTRONICS,2024-12-02,147.0
SKU-004-ELECTRONICS,2024-12-03,130.0
SKU-004-ELECTRONICS,2024-12-04,101.7
SKU-004-ELECTRONICS,2024-12-05,107.9
SKU-004-ELECTRONICS,2024-12-06,96.3
SKU-004-ELECTRONICS,2024-12-07,98.8
SKU-004-ELECTRONICS,2024-12-08,168.5
SKU-004-ELECTRONICS,2024-12-09,122.9
SKU-004-ELECTRONICS,2024-12-10,167.4
SKU-004-ELECTRONICS,2024-12-11,171.1
SKU-004-ELECTRONICS,2024-12-12,114.9
SKU-004-ELECTRONICS,2024-12-13,106.0
SKU-004-ELECTRONICS,2024-12-14,134.7
SKU-004-ELECTRONICS,2024-12-15,129.7
SKU-004-ELECTRONICS,2024-12-16,153.9
SKU-004-ELECTRONICS,2024-12-17,155.8
SKU-004-ELECTRONICS,2024-12-18,110.6
SKU-004-ELECTRONICS,2024-12-19,136.2
SKU-004-ELECTRONICS,2024-12-20,114.4
SKU-004-ELECTRONICS,2024-12-21,130.4
SKU-004-ELECTRONICS,2024-12-22,162.3
SKU-004-ELECTRONICS,2024-12-23,132.5
SKU-004-ELECTRONICS,2024-12-24,128.3
SKU-004-ELECTRONICS,2024-12-25,133.9
SKU-004-ELECTRONICS,2024-12-26,121.0
SKU-004-ELECTRONICS,2024-12-27,111.2
SKU-004-ELECTRONICS,2024-12-28,126.1
SKU-004-ELECTRONICS,2024-12-29,141.5
SKU-004-ELECTRONICS,2024-12-30,140.2
SKU-004-ELECTRONICS,2024-12-31,129.0
SKU-004-ELECTRONICS,2025-01-01,120.7
SKU-004-ELECTRONICS,2025-01-02,118.9
SKU-004-ELECTRONICS,2025-01-03,122.3
SKU-004-ELECTRONICS,2025-01-04,111.4
SKU-004-ELECTRONICS,2025-01-05,171.1
SKU-004-ELECTRONICS,2025-01-06,188.7
SKU-004-ELECTRONICS,2025-01-07,152.3
SKU-004-ELECTRONICS,2025-01-08,121.7
SKU-004-ELECTRONICS,2025-01-09,116.5
SKU-004-ELECTRONICS,2025-01-10,129.3
SKU-004-ELECTRONICS,2025-01-11,129.9
SKU-004-ELECTRONICS,2025-01-12,175.4
SKU-004-ELECTRONICS,2025-01-13,153.6
SKU-004-ELECTRONICS,2025-01-14,165.0
SKU-004-ELECTRONICS,2025-01-15,142.0
SKU-004-ELECTRONICS,2025-01-16,153.3
SKU-004-ELECTRONICS,2025-01-17,126.5
SKU-004-ELECTRONICS,2025-01-18,140.5
SKU-004-ELECTRONICS,2025-01-19,139.3
SKU-004-ELECTRONICS,2025-01-20,156.7
SKU-004-ELECTRONICS,2025-01-21,135.7
SKU-004-ELECTRONICS,2025-01-22,183.8
SKU-004-ELECTRONICS,2025-01-23,125.1
SKU-004-ELECTRONICS,2025-01-24,120.7
SKU-004-ELECTRONICS,2025-01-25,137.2
SKU-004-ELECTRONICS,2025-01-26,160.0
SKU-004-ELECTRONICS,2025-01-27,171.3
SKU-004-ELECTRONICS,2025-01-28,132.4
SKU-004-ELECTRONICS,2025-01-29,159.4
SKU-004-ELECTRONICS,2025-01-30,128.5
SKU-004-ELECTRONICS,2025-01-31,126.0
SKU-004-ELECTRONICS,2025-02-01,165.5
SKU-004-ELECTRONICS,2025-02-02,161.5
SKU-004-ELECTRONICS,2025-02-03,155.5
SKU-004-ELECTRONICS,2025-02-04,148.6
SKU-004-ELECTRONICS,2025-02-05,155.8
SKU-004-ELECTRONICS,2025-02-06,131.8
SKU-004-ELECTRONICS,2025-02-07,132.2
SKU-004-ELECTRONICS,2025-02-08,125.2
SKU-004-ELECTRONICS,2025-02-09,163.5
SKU-004-ELECTRONICS,2025-02-10,160.7
SKU-004-ELECTRONICS,2025-02-11,153.0
SKU-004-ELECTRONICS,2025-02-12,166.5
SKU-004-ELECTRONICS,2025-02-13,138.5
SKU-004-ELECTRONICS,2025-02-14,129.7
SKU-004-ELECTRONICS,2025-02-15,161.1
SKU-004-ELECTRONICS,2025-02-16,191.4
SKU-004-ELECTRONICS,2025-02-17,152.4
SKU-004-ELECTRONICS,2025-02-18,181.4
SKU-004-ELECTRONICS,2025-02-19,155.6
SKU-004-ELECTRONICS,2025-02-20,137.1
SKU-004-ELECTRONICS,2025-02-21,157.5
SKU-004-ELECTRONICS,2025-02-22,162.9
SKU-004-ELECTRONICS,2025-02-23,162.2
SKU-004-ELECTRONICS,2025-02-24,195.7
SKU-004-ELECTRONICS,2025-02-25,169.2
SKU-004-ELECTRONICS,2025-02-26,155.7
SKU-004-ELECTRONICS,2025-02-27,123.5
SKU-004-ELECTRONICS,2025-02-28,142.1
SKU-004-ELECTRONICS,2025-03-01,163.3
SKU-004-ELECTRONICS,2025-03-02,167.9
SKU-004-ELECTRONICS,2025-03-03,182.1
SKU-004-ELECTRONICS,2025-03-04,194.0
SKU-004-ELECTRONICS,2025-03-05,157.7
SKU-004-ELECTRONICS,2025-03-06,137.2
SKU-004-ELECTRONICS,2025-03-07,169.6
SKU-004-ELECTRONICS,2025-03-08,148.7
SKU-004-ELECTRONICS,2025-03-09,142.6
SKU-004-ELECTRONICS,2025-03-10,167.4
SKU-004-ELECTRONICS,2025-03-11,176.1
SKU-004-ELECTRONICS,2025-03-12,146.6
SKU-004-ELECTRONICS,2025-03-13,133.7
SKU-004-ELECTRONICS,2025-03-14,142.3
SKU-004-ELECTRONICS,2025-03-15,160.1
SKU-004-ELECTRONICS,2025-03-16,176.8
SKU-004-ELECTRONICS,2025-03-17,189.5
SKU-004-ELECTRONICS,2025-03-18,199.3
SKU-004-ELECTRONICS,2025-03-19,214.7
SKU-004-ELECTRONICS,2025-03-20,171.0
SKU-004-ELECTRONICS,2025-03-21,163.0
SKU-004-ELECTRONICS,2025-03-22,157.2
SKU-004-ELECTRONICS,2025-03-23,185.9
SKU-004-ELECTRONICS,2025-03-24,178.7
SKU-004-ELECTRONICS,2025-03-25,187.6
SKU-004-ELECTRONICS,2025-03-26,156.3
SKU-004-ELECTRONICS,2025-03-27,173.4
SKU-004-ELECTRONICS,2025-03-28,187.3
SKU-004-ELECTRONICS,2025-03-29,184.4
SKU-004-ELECTRONICS,2025-03-30,226.4
SKU-004-ELECTRONICS,2025-03-31,181.8
SKU-004-ELECTRONICS,2025-04-01,204.3
SKU-004-ELECTRONICS,2025-04-02,174.1
SKU-004-ELECTRONICS,2025-04-03,164.5
SKU-004-ELECTRONICS,2025-04-04,146.1
SKU-004-ELECTRONICS,2025-04-05,173.8
SKU-004-ELECTRONICS,2025-04-06,190.9
SKU-004-ELECTRONICS,2025-04-07,191.5
SKU-004-ELECTRONICS,2025-04-08,211.7
SKU-004-ELECTRONICS,2025-04-09,190.2
SKU-004-ELECTRONICS,2025-04-10,182.6
SKU-004-ELECTRONICS,2025-04-11,157.5
SKU-004-ELECTRONICS,2025-04-12,168.9
SKU-004-ELECTRONICS,2025-04-13,179.3
SKU-004-ELECTRONICS,2025-04-14,216.8
SKU-004-ELECTRONICS,2025-04-15,212.8
SKU-004-ELECTRONICS,2025-04-16,182.5
SKU-004-ELECTRONICS,2025-04-17,159.0
SKU-004-ELECTRONICS,2025-04-18,169.6
SKU-004-ELECTRONICS,2025-04-19,188.5
SKU-004-ELECTRONICS,2025-04-20,206.7
SKU-004-ELECTRONICS,2025-04-21,204.7
SKU-004-ELECTRONICS,2025-04-22,218.2
SKU-004-ELECTRONICS,2025-04-23,204.5
SKU-004-ELECTRONICS,2025-04-24,159.7
SKU-004-ELECTRONICS,2025-04-25,176.0
SKU-004-ELECTRONICS,2025-04-26,185.9
SKU-004-ELECTRONICS,2025-04-27,184.0
SKU-004-ELECTRONICS,2025-04-28,203.4
SKU-004-ELECTRONICS,2025-04-29,209.0
SKU-004-ELECTRONICS,2025-04-30,206.1
SKU-004-ELECTRONICS,2025-05-01,165.2
SKU-004-ELECTRONICS,2025-05-02,169.0
SKU-004-ELECTRONICS,2025-05-03,184.6
SKU-004-ELECTRONICS,2025-05-04,199.1
SKU-004-ELECTRONICS,2025-05-05,193.7
SKU-004-ELECTRONICS,2025-05-06,219.9
SKU-004-ELECTRONICS,2025-05-07,188.5
SKU-004-ELECTRONICS,2025-05-08,184.2
SKU-004-ELECTRONICS,2025-05-09,186.6
SKU-004-ELECTRONICS,2025-05-10,183.8
SKU-004-ELECTRONICS,2025-05-11,193.6
SKU-004-ELECTRONICS,2025-05-12,206.5
SKU-004-ELECTRONICS,2025-05-13,203.0
SKU-004-ELECTRONICS,2025-05-14,182.2
SKU-004-ELECTRONICS,2025-05-15,101.8
SKU-004-ELECTRONICS,2025-05-16,92.7
SKU-004-ELECTRONICS,2025-05-17,109.0
SKU-004-ELECTRONICS,2025-05-18,118.8
SKU-004-ELECTRONICS,2025-05-19,132.0
SKU-004-ELECTRONICS,2025-05-20,131.3
SKU-004-ELECTRONICS,2025-05-21,133.5
SKU-004-ELECTRONICS,2025-05-22,120.6
SKU-004-ELECTRONICS,2025-05-23,116.4
SKU-004-ELECTRONICS,2025-05-24,119.3
SKU-004-ELECTRONICS,2025-05-25,131.3
SKU-004-ELECTRONICS,2025-05-26,140.4
SKU-004-ELECTRONICS,2025-05-27,132.1
SKU-004-ELECTRONICS,2025-05-28,124.9
SKU-004-ELECTRONICS,2025-05-29,108.8
SKU-004-ELECTRONICS,2025-05-30,119.8
SKU-004-ELECTRONICS,2025-05-31,117.2
SKU-004-ELECTRONICS,2025-06-01,133.1
SKU-004-ELECTRONICS,2025-06-02,138.9
SKU-004-ELECTRONICS,2025-06-03,164.1
SKU-004-ELECTRONICS,2025-06-04,131.8
SKU-004-ELECTRONICS,2025-06-05,131.2
SKU-004-ELECTRONICS,2025-06-06,110.4
SKU-004-ELECTRONICS,2025-06-07,136.8
SKU-004-ELECTRONICS,2025-06-08,141.0
SKU-004-ELECTRONICS,2025-06-09,159.3
SKU-004-ELECTRONICS,2025-06-10,143.2
SKU-004-ELECTRONICS,2025-06-11,125.5
SKU-004-ELECTRONICS,2025-06-12,134.9
SKU-004-ELECTRONICS,2025-06-13,127.8
SKU-004-ELECTRONICS,2025-06-14,124.1
SKU-004-ELECTRONICS,2025-06-15,148.8
SKU-004-ELECTRONICS,2025-06-16,147.3
SKU-004-ELECTRONICS,2025-06-17,159.9
SKU-004-ELECTRONICS,2025-06-18,142.8
SKU-004-ELECTRONICS,2025-06-19,136.2
SKU-004-ELECTRONICS,2025-06-20,122.8
SKU-004-ELECTRONICS,2025-06-21,155.9
SKU-004-ELECTRONICS,2025-06-22,149.6
SKU-004-ELECTRONICS,2025-06-23,165.7
SKU-004-ELECTRONICS,2025-06-24,156.2
SKU-004-ELECTRONICS,2025-06-25,148.1
SKU-004-ELECTRONICS,2025-06-26,124.6
SKU-004-ELECTRONICS,2025-06-27,137.9
SKU-004-ELECTRONICS,2025-06-28,151.5
SKU-004-ELECTRONICS,2025-06-29,147.4
SKU-004-ELECTRONICS,2025-06-30,179.2
SKU-004-ELECTRONICS,2025-07-01,153.4
SKU-004-ELECTRONICS,2025-07-02,146.1
SKU-004-ELECTRONICS,2025-07-03,134.9
SKU-004-ELECTRONICS,2025-07-04,154.1
SKU-004-ELECTRONICS,2025-07-05,146.3
SKU-004-ELECTRONICS,2025-07-06,161.2
SKU-004-ELECTRONICS,2025-07-07,177.0
SKU-004-ELECTRONICS,2025-07-08,170.7
SKU-004-ELECTRONICS,2025-07-09,169.4
SKU-004-ELECTRONICS,2025-07-10,141.1
SKU-004-ELECTRONICS,2025-07-11,138.6
SKU-004-ELECTRONICS,2025-07-12,147.2
SKU-004-ELECTRONICS,2025-07-13,161.6
SKU-004-ELECTRONICS,2025-07-14,186.3
SKU-004-ELECTRONICS,2025-07-15,179.5
SKU-004-ELECTRONICS,2025-07-16,156.7
SKU-004-ELECTRONICS,2025-07-17,147.9
SKU-004-ELECTRONICS,2025-07-18,123.2
SKU-004-ELECTRONICS,2025-07-19,169.7
SKU-004-ELECTRONICS,2025-07-20,180.2
SKU-004-ELECTRONICS,2025-07-21,157.7
SKU-004-ELECTRONICS,2025-07-22,171.2
SKU-004-ELECTRONICS,2025-07-23,163.2
SKU-004-ELECTRONICS,2025-07-24,169.9
SKU-004-ELECTRONICS,2025-07-25,154.5
SKU-004-ELECTRONICS,2025-07-26,177.0
SKU-004-ELECTRONICS,2025-07-27,195.3
SKU-004-ELECTRONICS,2025-07-28,192.2
SKU-004-ELECTRONICS,2025-07-29,166.4
SKU-004-ELECTRONICS,2025-07-30,147.4
SKU-004-ELECTRONICS,2025-07-31,147.4
SKU-004-ELECTRONICS,2025-08-01,158.9
SKU-004-ELECTRONICS,2025-08-02,165.4
SKU-004-ELECTRONICS,2025-08-03,158.9
SKU-004-ELECTRONICS,2025-08-04,190.2
SKU-004-ELECTRONICS,2025-08-05,165.0
SKU-004-ELECTRONICS,2025-08-06,156.7
SKU-004-ELECTRONICS,2025-08-07,161.0
SKU-004-ELECTRONICS,2025-08-08,149.0
SKU-004-ELECTRONICS,2025-08-09,151.7
SKU-004-ELECTRONICS,2025-08-10,163.2
SKU-004-ELECTRONICS,2025-08-11,180.1
SKU-004-ELECTRONICS,2025-08-12,176.8
SKU-004-ELECTRONICS,2025-08-13,157.3
SKU-004-ELECTRONICS,2025-08-14,137.3
SKU-004-ELECTRONICS,2025-08-15,150.8
SKU-004-ELECTRONICS,2025-08-16,165.8
SKU-004-ELECTRONICS,2025-08-17,156.5
SKU-004-ELECTRONICS,2025-08-18,184.7
SKU-004-ELECTRONICS,2025-08-19,163.8
SKU-004-ELECTRONICS,2025-08-20,153.6
SKU-004-ELECTRONICS,2025-08-21,155.6
SKU-004-ELECTRONICS,2025-08-22,128.0
SKU-004-ELECTRONICS,2025-08-23,151.8
SKU-004-ELECTRONICS,2025-08-24,187.8
SKU-004-ELECTRONICS,2025-08-25,191.9
SKU-004-ELECTRONICS,2025-08-26,161.9
SKU-004-ELECTRONICS,2025-08-27,141.3
SKU-004-ELECTRONICS,2025-08-28,156.8
SKU-004-ELECTRONICS,2025-08-29,143.1
SKU-004-ELECTRONICS,2025-08-30,154.0
SKU-004-ELECTRONICS,2025-08-31,146.5
SKU-004-ELECTRONICS,2025-09-01,173.1
SKU-004-ELECTRONICS,2025-09-02,147.7
SKU-004-ELECTRONICS,2025-09-03,148.3
SKU-004-ELECTRONICS,2025-09-04,161.0
SKU-004-ELECTRONICS,2025-09-05,152.5
SKU-004-ELECTRONICS,2025-09-06,167.0
SKU-004-ELECTRONICS,2025-09-07,162.9
SKU-004-ELECTRONICS,2025-09-08,173.8
SKU-004-ELECTRONICS,2025-09-09,158.7
SKU-004-ELECTRONICS,2025-09-10,173.0
SKU-004-ELECTRONICS,2025-09-11,130.1
SKU-004-ELECTRONICS,2025-09-12,117.9
SKU-004-ELECTRONICS,2025-09-13,139.8
SKU-004-ELECTRONICS,2025-09-14,172.2
SKU-004-ELECTRONICS,2025-09-15,160.1
SKU-004-ELECTRONICS,2025-09-16,162.9
SKU-004-ELECTRONICS,2025-09-17,128.9
SKU-004-ELECTRONICS,2025-09-18,125.5
SKU-004-ELECTRONICS,2025-09-19,116.2
SKU-004-ELECTRONICS,2025-09-20,128.8
SKU-004-ELECTRONICS,2025-09-21,153.4
SKU-004-ELECTRONICS,2025-09-22,170.3
SKU-004-ELECTRONICS,2025-09-23,180.6
SKU-004-ELECTRONICS,2025-09-24,149.8
SKU-004-ELECTRONICS,2025-09-25,117.4
SKU-004-ELECTRONICS,2025-09-26,115.8
SKU-004-ELECTRONICS,2025-09-27,121.1
SKU-004-ELECTRONICS,2025-09-28,152.2
SKU-004-ELECTRONICS,2025-09-29,148.8
SKU-004-ELECTRONICS,2025-09-30,151.9
SKU-004-ELECTRONICS,2025-10-01,126.6
SKU-004-ELECTRONICS,2025-10-02,146.4
SKU-004-ELECTRONICS,2025-10-03,122.6
SKU-004-ELECTRONICS,2025-10-04,145.7
SKU-004-ELECTRONICS,2025-10-05,147.6
SKU-004-ELECTRONICS,2025-10-06,185.3
SKU-004-ELECTRONICS,2025-10-07,135.2
SKU-004-ELECTRONICS,2025-10-08,144.6
SKU-004-ELECTRONICS,2025-10-09,142.4
SKU-004-ELECTRONICS,2025-10-10,124.2
SKU-004-ELECTRONICS,2025-10-11,146.8
SKU-004-ELECTRONICS,2025-10-12,149.1
SKU-004-ELECTRONICS,2025-10-13,170.3
SKU-004-ELECTRONICS,2025-10-14,150.7
SKU-004-ELECTRONICS,2025-10-15,157.8
SKU-004-ELECTRONICS,2025-10-16,105.6
SKU-004-ELECTRONICS,2025-10-17,132.4
SKU-004-ELECTRONICS,2025-10-18,127.7
SKU-004-ELECTRONICS,2025-10-19,142.9
SKU-004-ELECTRONICS,2025-10-20,162.0
SKU-004-ELECTRONICS,2025-10-21,141.7
SKU-004-ELECTRONICS,2025-10-22,126.8
SKU-004-ELECTRONICS,2025-10-23,129.4
SKU-004-ELECTRONICS,2025-10-24,107.6
SKU-004-ELECTRONICS,2025-10-25,128.7
SKU-004-ELECTRONICS,2025-10-26,158.4
SKU-004-ELECTRONICS,2025-10-27,143.1
SKU-004-ELECTRONICS,2025-10-28,161.9
SKU-004-ELECTRONICS,2025-10-29,119.9
SKU-004-ELECTRONICS,2025-10-30,123.4
SKU-004-ELECTRONICS,2025-10-31,120.1
SKU-004-ELECTRONICS,2025-11-01,112.8
SKU-004-ELECTRONICS,2025-11-02,153.4
SKU-004-ELECTRONICS,2025-11-03,133.9
SKU-004-ELECTRONICS,2025-11-04,162.1
SKU-004-ELECTRONICS,2025-11-05,149.5
SKU-004-ELECTRONICS,2025-11-06,110.9
SKU-004-ELECTRONICS,2025-11-07,118.2
SKU-004-ELECTRONICS,2025-11-08,125.7
SKU-004-ELECTRONICS,2025-11-09,124.9
SKU-004-ELECTRONICS,2025-11-10,139.3
SKU-004-ELECTRONICS,2025-11-11,143.0
SKU-004-ELECTRONICS,2025-11-12,129.4
SKU-004-ELECTRONICS,2025-11-13,132.3
SKU-004-ELECTRONICS,2025-11-14,110.3
SKU-004-ELECTRONICS,2025-11-15,120.1
SKU-004-ELECTRONICS,2025-11-16,149.4
SKU-004-ELECTRONICS,2025-11-17,157.8
SKU-004-ELECTRONICS,2025-11-18,140.0
SKU-004-ELECTRONICS,2025-11-19,131.3
SKU-004-ELECTRONICS,2025-11-20,109.5
SKU-004-ELECTRONICS,2025-11-21,113.4
SKU-004-ELECTRONICS,2025-11-22,100.5
SKU-004-ELECTRONICS,2025-11-23,119.2
SKU-004-ELECTRONICS,2025-11-24,158.2
SKU-004-ELECTRONICS,2025-11-25,134.6
SKU-004-ELECTRONICS,2025-11-26,114.9
SKU-004-ELECTRONICS,2025-11-27,122.0
SKU-004-ELECTRONICS,2025-11-28,139.8
SKU-004-ELECTRONICS,2025-11-29,138.2
SKU-004-ELECTRONICS,2025-11-30,145.5
SKU-004-ELECTRONICS,2025-12-01,147.8
SKU-004-ELECTRONICS,2025-12-02,164.5
SKU-004-ELECTRONICS,2025-12-03,149.4
SKU-004-ELECTRONICS,2025-12-04,119.3
SKU-004-ELECTRONICS,2025-12-05,111.4
SKU-004-ELECTRONICS,2025-12-06,127.8
SKU-004-ELECTRONICS,2025-12-07,147.5
SKU-004-ELECTRONICS,2025-12-08,146.6
SKU-004-ELECTRONICS,2025-12-09,136.9
SKU-004-ELECTRONICS,2025-12-10,121.5
SKU-004-ELECTRONICS,2025-12-11,99.0
SKU-004-ELECTRONICS,2025-12-12,112.3
SKU-004-ELECTRONICS,2025-12-13,129.8
SKU-004-ELECTRONICS,2025-12-14,125.0
SKU-004-ELECTRONICS,2025-12-15,137.7
SKU-004-ELECTRONICS,2025-12-16,154.5
SKU-004-ELECTRONICS,2025-12-17,118.8
SKU-004-ELECTRONICS,2025-12-18,121.1
SKU-004-ELECTRONICS,2025-12-19,102.1
SKU-004-ELECTRONICS,2025-12-20,102.9
SKU-004-ELECTRONICS,2025-12-21,145.3
SKU-004-ELECTRONICS,2025-12-22,155.7
SKU-004-ELECTRONICS,2025-12-23,145.7
SKU-004-ELECTRONICS,2025-12-24,128.2
SKU-004-ELECTRONICS,2025-12-25,134.3
SKU-004-ELECTRONICS,2025-12-26,112.3
SKU-004-ELECTRONICS,2025-12-27,117.3
SKU-004-ELECTRONICS,2025-12-28,144.6
SKU-004-ELECTRONICS,2025-12-29,161.7
SKU-004-ELECTRONICS,2025-12-30,147.9
